id,code,status
1049,131,0
1050,132,0
1051,132,0
1052,133,0
1053,134,0
1054,136,0
1056,141,0
1058,143,0
1059,144,0
1060,145,0
1061,145,0
1062,146,0
1063,147,0
1064,151,0
1065,151,0
1066,153,0
1067,154,0
1068,157,0
1069,158,0
1070,160,0
1072,164,0
1073,165,0
1074,166,0
1075,168,0
1076,169,0
1077,170,0
1078,171,0
1079,172,0
1080,173,0
1081,174,0
1082,176,0
1083,178,0
1084,180,0
1086,189,0
1087,190,0
1089,191,0
1090,192,0
1091,193,0
1092,194,0
1093,196,0
1094,196,0
1095,206,0
1096,207,0
1097,208,0
1098,209,0
1099,210,0
1100,214,0
1101,215,0
1102,216,0
1103,219,0
1104,219,0
1105,221,0
1106,248,0
1108,249,0
1109,251,0
1111,255,0
1112,256,0
1114,256,0
1115,257,0
1116,258,0
1117,259,0
1118,267,0
1119,267,0
1122,285,0
1123,285,0
1124,287,0
1125,289,0
1126,289,0
1127,294,0
1128,294,0
1129,297,0
1130,298,0
1131,299,0
1132,300,0
1133,302,0
1134,306,0
1135,308,0
1136,309,0
1137,310,0
1139,311,0
1140,312,0
1141,313,0
1142,314,0
1143,315,0
1144,316,0
1145,319,0
1146,325,0
1148,326,0
1149,331,0
1151,332,0
1152,334,0
1153,335,0
1154,336,0
1155,337,0
1156,338,0
1157,339,0
1158,340,0
1159,341,0
1160,359,0
1161,360,0
1162,361,0
1163,361,0
1164,363,0
1165,364,0
1166,365,0
1167,366,0
1168,368,0
1169,368,0
1170,370,0
1171,371,0
1173,373,0
1175,373,0
1177,377,0
1178,378,0
1179,380,0
1181,384,0
1182,384,0
1183,387,0
1184,392,0
1185,392,0
1186,395,0
1187,399,0
1188,400,0
1189,401,0
1191,403,0
1192,404,0
1193,405,0
1194,406,0
1196,407,0
1197,449,0
1198,450,0
1199,454,0
1200,455,0
1201,455,0
1203,458,0
1204,459,0
1205,460,0
1207,461,0
1209,462,0
1210,463,0
1211,467,0
1212,468,0
1213,468,0
1214,470,0
1215,471,0
1216,473,0
1217,473,0
1218,473,0
1221,474,0
1222,475,0
1223,476,0
1224,477,0
1225,478,0
1226,479,0
1227,486,0
1228,486,0
1230,488,0
1231,489,0
1232,492,0
1233,495,0
1234,496,0
1235,497,0
1236,590,0
1237,591,0
1239,591,0
1241,635,0
1242,636,0
1245,638,0
1246,640,0
1247,641,0
1248,644,0
1249,645,0
1250,648,0
1251,648,0
1252,650,0
1253,651,0
1254,652,0
1257,654,0
1258,656,0
1259,656,0
1260,656,0
1261,659,0
1262,661,0
1263,663,0
1264,663,0
1265,667,0
1266,669,0
1267,670,0
1268,670,0
1269,672,0
1270,673,0
1271,675,0
1272,676,0
1273,677,0
1275,678,0
1276,679,0
1277,679,0
1278,683,0
1279,684,0
1280,685,0
1281,686,0
1282,687,0
1283,689,0
1284,692,0
1285,694,0
1286,695,0
1287,696,0
1292,699,0
1293,700,0
1294,701,0
1295,703,0
1296,704,0
1297,702,0
1298,705,0
1299,706,0
1300,707,0
1301,708,0
1302,710,0
1303,711,0
1304,711,0
1305,714,0
1306,715,0
1307,716,0
1308,717,0
1309,723,0
1310,725,0
1311,727,0
1312,728,0
1313,729,0
1314,730,0
1315,731,0
1316,732,0
1317,734,0
1318,735,0
1319,738,0
1320,740,0
1321,741,0
1324,741,0
1325,742,0
1326,743,0
1327,743,0
1328,743,0
1329,743,0
1331,754,0
1332,756,0
1333,756,0
1334,757,0
1335,758,0
1336,759,0
1337,760,0
1338,761,0
1339,762,0
1340,763,0
1341,764,0
1342,765,0
1343,765,0
1344,767,0
1345,768,0
1346,846,0
1347,769,0
1348,770,0
1349,771,0
1350,772,0
1351,773,0
1352,774,0
1353,775,0
1354,776,0
1355,777,0
1356,778,0
1357,779,0
1358,847,0
1359,847,0
1360,782,0
1361,783,0
1362,784,0
1363,785,0
1364,786,0
1365,787,0
1366,788,0
1367,789,0
1368,789,0
1369,791,0
1370,792,0
1371,793,0
1372,793,0
1373,795,0
1374,796,0
1375,800,0
1376,801,0
1377,802,0
1378,803,0
1379,804,0
1380,804,0
1381,806,0
1382,807,0
1383,807,0
1384,809,0
1385,810,0
1386,811,0
1387,811,0
1388,848,0
1389,813,0
1390,814,0
1391,815,0
1392,816,0
1393,817,0
1394,849,0
1395,818,0
1396,819,0
1397,820,0
1398,821,0
1399,898,0
1400,822,0
1401,823,0
1402,824,0
1403,825,0
1404,826,0
1405,827,0
1406,828,0
1407,829,0
1408,830,0
1409,831,0
1410,832,0
1411,833,0
1412,836,0
1413,834,0
1414,837,0
1415,835,0
1416,838,0
1417,844,0
1418,839,0
1419,840,0
1420,841,0
1421,901,0
1422,901,0
1423,843,0
1424,843,0
1425,845,0
1426,850,0
1427,851,0
1428,852,0
1429,853,0
1430,854,0
1431,855,0
1432,856,0
1433,857,0
1434,858,0
1435,859,0
1436,860,0
1437,861,0
1438,862,0
1439,863,0
1440,864,0
1441,865,0
1442,866,0
1443,899,0
1444,867,0
1445,868,0
1446,869,0
1447,870,0
1448,871,0
1449,871,0
1450,873,0
1451,874,0
1452,875,0
1453,876,0
1454,877,0
1455,878,0
1456,879,0
1457,880,0
1458,880,0
1459,882,0
1460,883,0
1461,884,0
1462,885,0
1463,886,0
1464,887,0
1465,888,0
1466,889,0
1467,890,0
1468,891,0
1469,891,0
1470,891,0
1471,893,0
1472,894,0
1473,895,0
1474,896,0
1475,897,0
1476,904,0
1477,904,0
1478,903,0
1479,903,0
1480,903,0
1481,905,0
1482,906,0
1483,907,0
1484,907,0
1485,907,0
1486,908,0
1488,908,0
1489,908,0
1490,908,0
1491,909,0
1492,910,0
1493,910,0
1495,910,0
1496,912,0
1497,912,0
1498,912,0
1499,912,0
1500,913,0
1501,913,0
1502,913,0
1503,913,0
1504,914,0
1505,915,0
1506,916,0
1507,916,0
1508,918,0
1510,919,0
1511,920,0
1512,921,0
1513,922,0
1514,922,0
1515,924,0
1516,925,0
1517,925,0
1519,927,0
1520,928,0
1521,939,0
1522,941,0
1524,942,0
1525,943,0
1526,944,0
1527,944,0
1528,946,0
1529,947,0
1530,948,0
1531,949,0
1532,950,0
1533,951,0
1534,952,0
1535,953,0
1536,954,0
1537,955,0
1538,956,0
1539,957,0
1540,958,0
1541,959,0
1542,960,0
1543,961,0
1544,962,0
1545,963,0
1546,965,0
1547,966,0
1548,967,0
1549,968,0
1550,969,0
1551,970,0
1552,971,0
1553,972,0
1554,973,0
1555,974,0
1556,975,0
1557,976,0
1558,977,0
1559,978,0
1560,979,0
1561,980,0
1562,981,0
1563,982,0
1564,983,0
1565,984,0
1566,984,0
1567,985,0
1569,986,0
1570,987,0
1571,988,0
1572,989,0
1573,989,0
1574,991,0
1575,992,0
1576,992,0
1577,994,0
1578,995,0
1579,996,0
1580,997,0
1581,998,0
1582,999,0
1583,1000,0
1584,1001,0
1585,1002,0
1586,1003,0
1587,1004,0
1588,1005,0
1589,1006,0
1590,1007,0
1591,1008,0
1592,1008,0
1593,1008,0
1594,1011,0
1595,1012,0
1596,1013,0
1597,1014,0
1598,1015,0
1599,1016,0
1600,1017,0
1601,1018,0
1602,1019,0
1603,1020,0
1604,1021,0
1605,1022,0
1606,1023,0
1607,1024,0
1608,1025,0
1609,1026,0
1610,1027,0
1611,1028,0
1612,1029,0
1613,1030,0
1614,1031,0
1615,1032,0
1616,1033,0
1617,1034,0
1618,1035,0
1619,1037,0
1620,1038,0
1621,1039,0
1622,1040,0
1623,1041,0
1624,1042,0
1625,1043,0
1626,1044,0
1627,1044,0
1628,1046,0
1629,1046,0
1630,1048,0
1636,1112,0
1637,1122,0
1638,7003,0
1639,7004,0
1641,7004,0
1642,1118,0
1643,4208,0
1644,1123,0
1645,1123,0
1647,1124,0
1648,1125,0
1649,1126,0
1650,1127,0
1651,1128,0
1652,1129,0
1653,1130,0
1654,1131,0
1655,1132,0
1656,1133,0
1657,1134,0
1658,1135,0
1659,1136,0
1660,1137,0
1661,1138,0
1662,1139,0
1664,1140,0
1665,1141,0
1666,1141,0
1667,1143,0
1668,1144,0
1669,1144,0
1670,1146,0
1671,1146,0
1672,1148,0
1673,1149,0
1675,1150,0
1676,1151,0
1678,1152,0
1679,1153,0
1680,1153,0
1681,1154,0
1682,1155,0
1683,1156,0
1684,1157,0
1685,1158,0
1686,1159,0
1687,1160,0
1688,1160,0
1689,1162,0
1690,1163,0
1691,1164,0
1692,1165,0
1693,1166,0
1694,1167,0
1695,1167,0
1696,1169,0
1697,1169,0
1698,1170,0
1699,1171,0
1700,1172,0
1701,1173,0
1702,1174,0
1703,1175,0
1704,1176,0
1705,1177,0
1706,1178,0
1707,1179,0
1708,1180,0
1709,1181,0
1711,1182,0
1712,1183,0
1713,1184,0
1714,1185,0
1715,1186,0
1716,1187,0
1717,1188,0
1718,1189,0
1720,1190,0
1721,1191,0
1722,1192,0
1724,1193,0
1725,1194,0
1726,1195,0
1727,1196,0
1728,1197,0
1729,1197,0
1730,1199,0
1731,1200,0
1732,1201,0
1733,1202,0
1734,1203,0
1735,1204,0
1736,1205,0
1737,1206,0
1738,1207,0
1739,1208,0
1740,1209,0
1741,1210,0
1742,1211,0
1743,1212,0
1744,1213,0
1745,1214,0
1746,1215,0
1747,1216,0
1748,1217,0
1749,1218,0
1750,1219,0
1751,1220,0
1752,1221,0
1753,1222,0
1754,1223,0
1755,1224,0
1756,1225,0
1758,1226,0
1759,1227,0
1760,1228,0
1761,1229,0
1763,1230,0
1764,1231,0
1765,1232,0
1766,1233,0
1767,1234,0
1768,1235,0
1769,1236,0
1770,1237,0
1771,1238,0
1772,1238,0
1773,1240,0
1774,1241,0
1775,1242,0
1776,1243,0
1777,1244,0
1778,1245,0
1779,1246,0
1780,1247,0
1781,1247,0
1782,1249,0
1783,1250,0
1784,1251,0
1785,1252,0
1786,1253,0
1787,1254,0
1788,1255,0
1789,1256,0
1790,1257,0
1791,1258,0
1792,1258,0
1793,1260,0
1794,1261,0
1795,1262,0
1796,1263,0
1797,1264,0
1798,1265,0
1799,1266,0
1800,1267,0
1801,1268,0
1802,1269,0
1803,1270,0
1804,1271,0
1805,1272,0
1807,1273,0
1808,1274,0
1809,1275,0
1810,1276,0
1811,1277,0
1812,1278,0
1813,1279,0
1814,1280,0
1815,1281,0
1816,2000,0
1817,1282,0
1818,1284,0
1819,1285,0
1820,1286,0
1821,1287,0
1822,1288,0
1825,1293,0
1826,1294,0
1827,1295,0
1828,1296,0
1830,1296,0
1831,1297,0
1832,1298,0
1833,1299,0
1834,1300,0
1835,1301,0
1836,1302,0
1837,1304,0
1838,1305,0
1841,1306,0
1842,1307,0
1843,1307,0
1844,1312,0
1845,1313,0
1846,1314,0
1847,1317,0
1848,1317,0
1851,1320,0
1856,1321,0
1857,1322,0
1858,1323,0
1860,1327,0
1861,1330,0
1862,1331,0
1863,1332,0
1864,1333,0
1865,1387,0
1866,1387,0
1867,1389,0
1869,1391,0
1870,1541,0
1871,1545,0
1874,1548,0
1875,1571,0
1876,1571,0
1880,1573,0
1881,1576,0
1882,1577,0
1883,1584,0
1886,1599,0
1889,1608,0
1890,1692,0
1891,1723,0
1892,1740,0
1893,1788,0
1894,1827,0
1895,1847,0
1896,1856,0
1898,1857,0
1899,1858,0
1900,1859,0
1901,1860,0
1902,1861,0
1903,1863,0
1904,1867,0
1905,1868,0
1907,1868,0
1908,1870,0
1909,1891,0
1910,1887,0
1911,1887,0
1912,1898,0
1913,1905,0
1915,1905,0
1916,1905,0
1917,1905,0
1918,1907,0
1919,1908,0
1920,1912,0
1921,1916,0
1922,1913,0
1923,1925,0
1924,1986,0
1925,1986,0
1926,1992,0
1928,1988,0
1929,1994,0
1930,1997,0
1933,1999,0
1934,1999,0
1935,2001,0
1936,2001,0
1937,2001,0
1938,2001,0
1939,2001,0
1940,2003,0
1941,2006,0
1942,2007,0
1943,2008,0
1944,2010,0
1945,2014,0
1946,2017,0
1947,2031,0
1948,2031,0
1949,2052,0
1951,2059,0
1952,2061,0
1953,2068,0
1955,2103,0
1956,2186,0
1957,2191,0
1958,2196,0
1962,2200,0
1963,2201,0
1964,2269,0
1965,2329,0
1967,2335,0
1969,2347,0
1971,2348,0
1972,2348,0
1973,2441,0
1974,2472,0
1975,2528,0
1976,2534,0
1977,2548,0
1978,2586,0
1979,2647,0
1980,2660,0
1981,2667,0
1982,2668,0
1983,2669,0
1984,7006,0
1985,2670,0
1986,2671,0
1987,2672,0
1988,2673,0
1989,2674,0
1990,2675,0
1991,2676,0
1992,2677,0
1993,2678,0
1994,2679,0
1995,2680,0
1996,2681,0
1997,2682,0
1998,2683,0
1999,2684,0
2000,7007,0
2001,2685,0
2002,2686,0
2003,2687,0
2004,2688,0
2005,2689,0
2006,2690,0
2007,2691,0
2008,2692,0
2009,2693,0
2010,2694,0
2011,2694,0
2012,2696,0
2013,2697,0
2014,2698,0
2015,2699,0
2016,2700,0
2017,2701,0
2018,2702,0
2019,2703,0
2020,2704,0
2021,2705,0
2022,2706,0
2023,2707,0
2024,2708,0
2025,2709,0
2026,2710,0
2027,2711,0
2028,2712,0
2029,2713,0
2030,2714,0
2031,2715,0
2032,2716,0
2033,2717,0
2034,2718,0
2035,2719,0
2036,2720,0
2037,2720,0
2038,2722,0
2039,2723,0
2040,2724,0
2041,2725,0
2042,2726,0
2043,2726,0
2044,2728,0
2045,2729,0
2046,2730,0
2047,2731,0
2048,2732,0
2049,2733,0
2050,2733,0
2051,2735,0
2052,2736,0
2053,2737,0
2054,2738,0
2055,2739,0
2056,2740,0
2057,2741,0
2058,2742,0
2059,7009,0
2060,2743,0
2061,2744,0
2062,2745,0
2063,2746,0
2064,2747,0
2065,2748,0
2066,2749,0
2067,2750,0
2068,2751,0
2069,2752,0
2070,2753,0
2071,2754,0
2072,2754,0
2073,2756,0
2074,2757,0
2075,2758,0
2076,2759,0
2077,2760,0
2078,2761,0
2079,2762,0
2080,2763,0
2081,2764,0
2082,2765,0
2083,2766,0
2084,2767,0
2085,2768,0
2086,2769,0
2087,2770,0
2088,2771,0
2089,2772,0
2090,2773,0
2091,2774,0
2092,2775,0
2093,2776,0
2094,2777,0
2095,7023,0
2096,2778,0
2097,2781,0
2098,2782,0
2099,2783,0
2100,2784,0
2101,2785,0
2102,2786,0
2103,2787,0
2104,2787,0
2105,2789,0
2106,2790,0
2107,2791,0
2108,2792,0
2109,2793,0
2110,2794,0
2111,2795,0
2112,2796,0
2113,2797,0
2114,2798,0
2115,2799,0
2116,2800,0
2117,2801,0
2118,2802,0
2119,2803,0
2120,2804,0
2121,2805,0
2122,2806,0
2123,2807,0
2124,2808,0
2125,2809,0
2126,2820,0
2127,7025,0
2128,2821,0
2129,2822,0
2130,2823,0
2131,2824,0
2132,2825,0
2133,2826,0
2134,2827,0
2135,2828,0
2136,2828,0
2137,2830,0
2138,2831,0
2139,2832,0
2140,2833,0
2141,2834,0
2142,2835,0
2143,2836,0
2144,2837,0
2145,2838,0
2146,2839,0
2147,2840,0
2148,2841,0
2149,2842,0
2150,2843,0
2151,7026,0
2152,2844,0
2153,2845,0
2154,2846,0
2155,2847,0
2156,2848,0
2157,2849,0
2158,2850,0
2159,2851,0
2160,2852,0
2161,2853,0
2162,2854,0
2163,2855,0
2164,2855,0
2165,2857,0
2166,2858,0
2167,2858,0
2168,2860,0
2169,2860,0
2170,2862,0
2171,2863,0
2172,2864,0
2173,2865,0
2174,2866,0
2175,2867,0
2176,2868,0
2177,2869,0
2178,2869,0
2179,2871,0
2180,2872,0
2181,2873,0
2182,2874,0
2183,2875,0
2184,2876,0
2185,2877,0
2186,2878,0
2187,2879,0
2188,2880,0
2189,2881,0
2190,2882,0
2191,2883,0
2192,2884,0
2193,2885,0
2194,2886,0
2195,2887,0
2196,2888,0
2197,2889,0
2198,2890,0
2199,2891,0
2200,2892,0
2201,2893,0
2202,2894,0
2203,7031,0
2204,2895,0
2205,2896,0
2206,2897,0
2207,2898,0
2208,2899,0
2209,2900,0
2210,2901,0
2211,2902,0
2212,2903,0
2213,2904,0
2214,2905,0
2215,2905,0
2216,2907,0
2217,2908,0
2218,2908,0
2219,2908,0
2220,2911,0
2221,2912,0
2222,2913,0
2223,2914,0
2224,2915,0
2225,2916,0
2226,2917,0
2227,2918,0
2228,2919,0
2229,2920,0
2230,2921,0
2231,2922,0
2232,2923,0
2233,2924,0
2234,2925,0
2235,2926,0
2236,2927,0
2237,2928,0
2238,2929,0
2239,2930,0
2240,7038,0
2241,2931,0
2242,2932,0
2243,7040,0
2244,2933,0
2245,2934,0
2246,2937,0
2247,2938,0
2248,2939,0
2249,2940,0
2250,2941,0
2251,2942,0
2252,2943,0
2253,2944,0
2254,2945,0
2255,2946,0
2256,2947,0
2257,2948,0
2258,2949,0
2259,2950,0
2260,2951,0
2261,2952,0
2262,2953,0
2263,2954,0
2264,2955,0
2265,2956,0
2266,2957,0
2267,2958,0
2268,2959,0
2269,2960,0
2270,2961,0
2271,2962,0
2272,2963,0
2273,2964,0
2274,2965,0
2275,2966,0
2276,2967,0
2277,2968,0
2278,2969,0
2279,2970,0
2280,2971,0
2281,2972,0
2282,2973,0
2283,2974,0
2284,2975,0
2285,2976,0
2286,2977,0
2287,2978,0
2288,2979,0
2289,2980,0
2290,2981,0
2291,2982,0
2292,2983,0
2293,2983,0
2294,2985,0
2295,2986,0
2296,2987,0
2297,2988,0
2298,2989,0
2299,2990,0
2300,2991,0
2301,2992,0
2302,2993,0
2303,2994,0
2304,2995,0
2305,2995,0
2306,2997,0
2307,2997,0
2308,2998,0
2309,11043,0
2310,2999,0
2311,3000,0
2312,3002,0
2313,3003,0
2314,3004,0
2315,3005,0
2316,3006,0
2317,11408,0
2318,3008,0
2319,3009,0
2320,3010,0
2321,3011,0
2322,11443,0
2323,3014,0
2324,3017,0
2325,3018,0
2326,3026,0
2327,3027,0
2328,3048,0
2329,3070,0
2330,3078,0
2331,3108,0
2332,3133,0
2333,3139,0
2334,3145,0
2335,3146,0
2336,3148,0
2337,3149,0
2338,3184,0
2339,3249,0
2340,3256,0
2341,3257,0
2342,3258,0
2343,3258,0
2344,3258,0
2345,3258,0
2346,3263,0
2347,3264,0
2348,3266,0
2349,3266,0
2350,11464,0
2351,3267,0
2352,3267,0
2353,3269,0
2354,3270,0
2355,3273,0
2356,3308,0
2357,3311,0
2358,3311,0
2359,3311,0
2360,3314,0
2361,3316,0
2362,3319,0
2363,9758,0
2364,3352,0
2365,3354,0
2366,3354,0
2367,3372,0
2368,3374,0
2369,3380,0
2370,3388,0
2371,3399,0
2372,3408,0
2373,3409,0
2374,3410,0
2375,3426,0
2376,3436,0
2377,3444,0
2378,3445,0
2379,3446,0
2380,3455,0
2381,3461,0
2382,11041,0
2383,11041,0
2384,11048,0
2385,3467,0
2386,3468,0
2387,3469,0
2388,3472,0
2389,3477,0
2390,11000,0
2391,3478,0
2392,3481,0
2393,3482,0
2394,3482,0
2395,3483,0
2396,10996,0
2397,3484,0
2398,3485,0
2399,3486,0
2400,3489,0
2401,3500,0
2402,3505,0
2403,3507,0
2404,3508,0
2405,3511,0
2406,3514,0
2407,3515,0
2408,9905,0
2409,9953,0
2410,3516,0
2411,3540,0
2412,3526,0
2413,3552,0
2414,3554,0
2415,3557,0
2416,3577,0
2417,3595,0
2418,9772,0
2419,3642,0
2420,3707,0
2421,9704,0
2422,9744,0
2423,9744,0
2424,3710,0
2425,3710,0
2426,3712,0
2427,3713,0
2428,3714,0
2429,3715,0
2431,3717,0
2432,3718,0
2433,10731,0
2434,10731,0
2435,10731,0
2436,10731,0
2437,3723,0
2438,3725,0
2439,4482,0
2440,3726,0
2441,3727,0
2442,3727,0
2443,4240,0
2444,3731,0
2445,3786,0
2446,3747,0
2447,3771,0
2448,3784,0
2449,3835,0
2450,4022,0
2451,4092,0
2452,3842,0
2453,3845,0
2454,3861,0
2455,3870,0
2456,3871,0
2457,3874,0
2458,4019,0
2459,4019,0
2460,4019,0
2461,3901,0
2462,3963,0
2463,3996,0
2464,4011,0
2465,3997,0
2466,4401,0
2467,4401,0
2468,4243,0
2469,4244,0
2470,4245,0
2471,4246,0
2472,4251,0
2473,4251,0
2474,4253,0
2475,4256,0
2476,4257,0
2477,4261,0
2478,4262,0
2479,4263,0
2480,4264,0
2481,4465,0
2482,4406,0
2483,4406,0
2484,4266,0
2485,4268,0
2486,4269,0
2487,4270,0
2488,4272,0
2489,4273,0
2490,4277,0
2491,4280,0
2492,4280,0
2493,4380,0
2494,4288,0
2495,4289,0
2496,4301,0
2497,4302,0
2498,4302,0
2499,4341,0
2500,4399,0
2501,4404,0
2502,4481,0
2503,4483,0
2504,4484,0
2505,4486,0
2506,4487,0
2507,4625,0
2508,4628,0
2509,4629,0
2510,4630,0
2511,4665,0
2512,4689,0
2513,4685,0
2514,4693,0
2515,4702,0
2516,4704,0
2517,4713,0
2518,4723,0
2519,4725,0
2520,9096,0
2521,4728,0
2522,4730,0
2523,4731,0
2524,9672,0
2525,4733,0
2526,4734,0
2527,4736,0
2528,4737,0
2529,4738,0
2530,4742,0
2531,4743,0
2532,4744,0
2533,4745,0
2534,4746,0
2535,4748,0
2536,4750,0
2537,4751,0
2538,4752,0
2539,4752,0
2540,4755,0
2541,4758,0
2542,4761,0
2543,4764,0
2544,4762,0
2545,4763,0
2546,9094,0
2547,4766,0
2548,4769,0
2549,4775,0
2550,4776,0
2551,4777,0
2552,4779,0
2553,4782,0
2554,4784,0
2555,4785,0
2556,4788,0
2557,4789,0
2558,4791,0
2559,4791,0
2560,4793,0
2561,4794,0
2562,4796,0
2563,4805,0
2564,7098,0
2565,4819,0
2566,4836,0
2567,4837,0
2568,4839,0
2569,4852,0
2570,4862,0
2571,4863,0
2572,4872,0
2573,4880,0
2574,4930,0
2575,4932,0
2576,6247,0
2577,4967,0
2578,4968,0
2579,4969,0
2580,4970,0
2581,4982,0
2582,5005,0
2583,5021,0
2584,5034,0
2585,5038,0
2586,5042,0
2587,5061,0
2588,5094,0
2589,5096,0
2590,5129,0
2591,5140,0
2592,5214,0
2593,5215,0
2594,5217,0
2595,5219,0
2596,5220,0
2597,5223,0
2598,5224,0
2599,5225,0
2600,5226,0
2601,5228,0
2602,5230,0
2603,5240,0
2604,5240,0
2605,5240,0
2606,5243,0
2607,5245,0
2608,5245,0
2609,5249,0
2610,5249,0
2611,5264,0
2612,5265,0
2613,5266,0
2614,5269,0
2615,5272,0
2616,5279,0
2617,5286,0
2618,5288,0
2619,5290,0
2620,5291,0
2621,5293,0
2622,5294,0
2623,5295,0
2624,5296,0
2625,5297,0
2626,5298,0
2627,5299,0
2628,5300,0
2629,5301,0
2630,5305,0
2631,5309,0
2632,5316,0
2633,5321,0
2634,5355,0
2635,5388,0
2636,5424,0
2637,5457,0
2638,5461,0
2639,5465,0
2640,5466,0
2641,5467,0
2642,5524,0
2643,9674,0
2644,5611,0
2645,5611,0
2646,5611,0
2647,5527,0
2648,5528,0
2649,5529,0
2650,5530,0
2651,5545,0
2652,5559,0
2653,5583,0
2654,5584,0
2655,5591,0
2656,5594,0
2657,5601,0
2658,5604,0
2659,5612,0
2660,5615,0
2661,5649,0
2662,5687,0
2663,5723,0
2664,5762,0
2665,5802,0
2666,5813,0
2667,5816,0
2668,5837,0
2669,5839,0
2670,5841,0
2671,5877,0
2672,5879,0
2673,5922,0
2674,5964,0
2675,5965,0
2676,6007,0
2677,6031,0
2678,6049,0
2679,6068,0
2680,6079,0
2681,6073,0
2682,6089,0
2683,6104,0
2684,6250,0
2685,6106,0
2686,6108,0
2687,6115,0
2688,6135,0
2689,6152,0
2690,6156,0
2691,6157,0
2692,6161,0
2693,6162,0
2694,6164,0
2695,6165,0
2696,6166,0
2697,6204,0
2698,6167,0
2699,6169,0
2700,6237,0
2701,6187,0
2702,6198,0
2703,6199,0
2704,6199,0
2705,6199,0
2706,6209,0
2707,6212,0
2708,6228,0
2709,6229,0
2710,6230,0
2711,6232,0
2712,6234,0
2713,6236,0
2714,6254,0
2715,6273,0
2716,6275,0
2717,6298,0
2718,6308,0
2719,6366,0
2720,6412,0
2721,6430,0
2722,6431,0
2723,6434,0
2724,6434,0
2725,6438,0
2726,6439,0
2727,6440,0
2728,6445,0
2729,6453,0
2730,6446,0
2731,6447,0
2732,6448,0
2733,6450,0
2734,6455,0
2735,6456,0
2736,6458,0
2737,6459,0
2738,6461,0
2739,6468,0
2740,6470,0
2741,6471,0
2742,6473,0
2743,6474,0
2744,6475,0
2745,6476,0
2746,6478,0
2747,6480,0
2748,6481,0
2749,6482,0
2750,6483,0
2751,6485,0
2752,6488,0
2753,6489,0
2754,6493,0
2755,6496,0
2756,6497,0
2757,6498,0
2758,6640,0
2759,6641,0
2760,6642,0
2761,7090,0
2762,7109,0
2763,6644,0
2764,6645,0
2765,6647,0
2766,6651,0
2767,6652,0
2768,6678,0
2769,6679,0
2770,6681,0
2771,6683,0
2772,6687,0
2773,6690,0
2774,6691,0
2775,6692,0
2776,6693,0
2777,6697,0
2778,7086,0
2779,7082,0
2780,6708,0
2781,6708,0
2782,6708,0
2783,6708,0
2784,6708,0
2785,6708,0
2786,10680,0
2787,6716,0
2788,6717,0
2789,6718,0
2790,6722,0
2791,6722,0
2792,6722,0
2793,7074,0
2794,6727,0
2795,6728,0
2796,6729,0
2797,7060,0
2798,7070,0
2799,6737,0
2800,6738,0
2801,6739,0
2802,6739,0
2803,6744,0
2804,6746,0
2805,6749,0
2806,6750,0
2807,6759,0
2808,7057,0
2809,6770,0
2810,6774,0
2811,6775,0
2812,6782,0
2813,6785,0
2814,6786,0
2815,6790,0
2816,6790,0
2817,6793,0
2818,6807,0
2819,6795,0
2820,6817,0
2821,6813,0
2822,6836,0
2823,6820,0
2824,6859,0
2825,6862,0
2826,6891,0
2828,6893,0
2829,6896,0
2830,6898,0
2831,6899,0
2832,6900,0
2833,6902,0
2834,6903,0
2835,6909,0
2836,6909,0
2837,6910,0
2838,6950,0
2839,6937,0
2840,6985,0
2841,6987,0
2842,6987,0
2843,6991,0
2844,6992,0
2845,7001,0
2846,7002,0
2847,7002,0
2848,7011,0
2849,7012,0
2850,7015,0
2851,7016,0
2852,7022,0
2853,7048,0
2854,7046,0
2855,7071,0
2856,7059,0
2857,7230,0
2858,7081,0
2859,7217,0
2860,7083,0
2861,7225,0
2862,7085,0
2863,7087,0
2864,7105,0
2865,7110,0
2866,7113,0
2867,7114,0
2868,7201,0
2869,7116,0
2870,7120,0
2871,7120,0
2872,7212,0
2873,7152,0
2874,7126,0
2875,7129,0
2876,7129,0
2877,7137,0
2878,7143,0
2879,7149,0
2880,7150,0
2881,7151,0
2882,7151,0
2883,7155,0
2884,7162,0
2885,7170,0
2886,7176,0
2887,7179,0
2888,7179,0
2889,7181,0
2890,7182,0
2891,7186,0
2892,7188,0
2893,7189,0
2894,7192,0
2895,7194,0
2896,7194,0
2897,7197,0
2898,7200,0
2899,7202,0
2900,7203,0
2901,7206,0
2902,7209,0
2903,7210,0
2904,7234,0
2905,7236,0
2906,7238,0
2907,7239,0
2908,7241,0
2909,7242,0
2910,7244,0
2911,7246,0
2912,7248,0
2913,7263,0
2914,7279,0
2915,7338,0
2916,7282,0
2917,7282,0
2918,9075,0
2919,9892,0
2920,9673,0
2921,7451,0
2922,7360,0
2923,7394,0
2924,7401,0
2925,10036,0
2926,7460,0
2927,7463,0
2928,7464,0
2929,7465,0
2930,7466,0
2931,7467,0
2932,7515,0
2933,7518,0
2934,7519,0
2935,7520,0
2936,7524,0
2937,7521,0
2938,7522,0
2939,7525,0
2940,7527,0
2941,7530,0
2942,7538,0
2943,7544,0
2944,7545,0
2945,7553,0
2946,7554,0
2947,7556,0
2948,7561,0
2949,7559,0
2950,7559,0
2951,7564,0
2952,7565,0
2953,7566,0
2954,7569,0
2955,7570,0
2956,7572,0
2957,7575,0
2958,7578,0
2959,7581,0
2960,7585,0
2961,7597,0
2962,7599,0
2963,7600,0
2964,7602,0
2965,7603,0
2966,7606,0
2967,7606,0
2968,7607,0
2969,7610,0
2970,7613,0
2971,9671,0
2972,7614,0
2973,7730,0
2974,7616,0
2975,7617,0
2976,7620,0
2977,7623,0
2978,7624,0
2979,7625,0
2980,7633,0
2981,7635,0
2982,7636,0
2983,7637,0
2984,7638,0
2985,7639,0
2986,7644,0
2987,7645,0
2988,7649,0
2989,7652,0
2990,7656,0
2991,7658,0
2992,7659,0
2993,7660,0
2994,7688,0
2995,7704,0
2996,7717,0
2997,7723,0
2998,7722,0
2999,7727,0
3000,7736,0
3001,7739,0
3002,7740,0
3003,7741,0
3004,7742,0
3005,7746,0
3006,7750,0
3007,7936,0
3008,7751,0
3009,7752,0
3010,7753,0
3011,7758,0
3012,7760,0
3013,7764,0
3014,7769,0
3015,7770,0
3016,7771,0
3017,7772,0
3018,7774,0
3019,7776,0
3020,7826,0
3021,7830,0
3022,7835,0
3023,7838,0
3024,7842,0
3025,7844,0
3026,7852,0
3027,7907,0
3028,7921,0
3029,7922,0
3030,7937,0
3031,7939,0
3032,7951,0
3033,9042,0
3034,7952,0
3035,7953,0
3036,7954,0
3037,7955,0
3038,7956,0
3039,7959,0
3040,7961,0
3041,9014,0
3042,7963,0
3043,7964,0
3044,7966,0
3045,7967,0
3046,7968,0
3047,7968,0
3048,7970,0
3049,7980,0
3050,7981,0
3051,8002,0
3052,8014,0
3053,8056,0
3054,8061,0
3055,8062,0
3056,8108,0
3057,8090,0
3058,8150,0
3059,8151,0
3060,8152,0
3061,8153,0
3062,8154,0
3063,8159,0
3064,8161,0
3065,8163,0
3066,8167,0
3067,8203,0
3068,8269,0
3069,8238,0
3070,8270,0
3071,8272,0
3072,8275,0
3073,8277,0
3074,8283,0
3075,8284,0
3076,8285,0
3077,8287,0
3078,8288,0
3079,8289,0
3080,8290,0
3081,8292,0
3082,8294,0
3083,8297,0
3084,8298,0
3085,8299,0
3086,8310,0
3087,8311,0
3088,8312,0
3089,8313,0
3090,8320,0
3091,8327,0
3092,8328,0
3093,8328,0
3094,8331,0
3095,8336,0
3096,8338,0
3097,8340,0
3098,8343,0
3099,8345,0
3100,9037,0
3101,8346,0
3102,8347,0
3103,8349,0
3104,8351,0
3105,8353,0
3106,8417,0
3107,8418,0
3108,8601,0
3109,8600,0
3110,8512,0
3111,8603,0
3112,8773,0
3113,8763,0
3114,8775,0
3115,8777,0
3116,8779,0
3117,8780,0
3118,8781,0
3119,8782,0
3120,8783,0
3121,8784,0
3122,8785,0
3123,8792,0
3124,8795,0
3125,8798,0
3126,8820,0
3127,8803,0
3128,8804,0
3129,8806,0
3130,8809,0
3131,8811,0
3132,9012,0
3133,8812,0
3134,8814,0
3135,8817,0
3136,8819,0
3137,8821,0
3138,8822,0
3139,8823,0
3140,8823,0
3141,8825,0
3142,8827,0
3143,8828,0
3144,8830,0
3145,8832,0
3146,8833,0
3147,9055,0
3148,8834,0
3149,8836,0
3150,8837,0
3151,9649,0
3152,8840,0
3153,8841,0
3154,8848,0
3155,8847,0
3156,8849,0
3157,8851,0
3158,8852,0
3159,8918,0
3160,8853,0
3161,8854,0
3162,8866,0
3163,8867,0
3164,8880,0
3165,8908,0
3166,8917,0
3167,8919,0
3168,8919,0
3169,8923,0
3170,8927,0
3171,8935,0
3172,8947,0
3173,8948,0
3174,8949,0
3175,8951,0
3176,8951,0
3177,8953,0
3178,8955,0
3179,8956,0
3180,10896,0
3181,10993,0
3182,8961,0
3183,8964,0
3184,8969,0
3185,8972,0
3186,8973,0
3187,10855,0
3188,8974,0
3189,8975,0
3190,8976,0
3191,8977,0
3192,10866,0
3193,10866,0
3194,8978,0
3195,8989,0
3196,8994,0
3197,8995,0
3198,8996,0
3199,8997,0
3200,8998,0
3201,9002,0
3202,9004,0
3203,9008,0
3204,9008,0
3205,9015,0
3206,9015,0
3207,9017,0
3208,9018,0
3209,9020,0
3210,9020,0
3211,9023,0
3212,9034,0
3213,9050,0
3214,9051,0
3215,9054,0
3216,9056,0
3217,9057,0
3218,9077,0
3219,9078,0
3220,9079,0
3221,9081,0
3222,9092,0
3223,9093,0
3224,9103,0
3225,9105,0
3226,9107,0
3227,9305,0
3228,9307,0
3229,9309,0
3230,9312,0
3231,9315,0
3232,9316,0
3233,9359,0
3234,9343,0
3235,9357,0
3236,9530,0
3237,9535,0
3238,9361,0
3239,9507,0
3240,9509,0
3241,9510,0
3242,9511,0
3243,9513,0
3244,9515,0
3245,9516,0
3246,9517,0
3247,9519,0
3248,9524,0
3249,9523,0
3250,9521,0
3251,9534,0
3252,9536,0
3253,9655,0
3254,9537,0
3255,9654,0
3256,9656,0
3257,9657,0
3258,9681,0
3259,9682,0
3260,9683,0
3261,9683,0
3262,9687,0
3263,9689,0
3264,9691,0
3265,9698,0
3266,9700,0
3267,9702,0
3268,9706,0
3269,9707,0
3270,9756,0
3271,9745,0
3272,9747,0
3273,9747,0
3274,9750,0
3275,9884,0
3276,9753,0
3277,9754,0
3278,9757,0
3279,9774,0
3280,9813,0
3281,9868,0
3282,9894,0
3283,9906,0
3284,9909,0
3285,9910,0
3286,9913,0
3287,9914,0
3288,9915,0
3289,9917,0
3290,9918,0
3291,9933,0
3292,9940,0
3293,9941,0
3294,10002,0
3295,10004,0
3296,9964,0
3297,9966,0
3298,9967,0
3299,10014,0
3300,10021,0
3301,10023,0
3302,10031,0
3303,10033,0
3304,10035,0
3305,10037,0
3306,10038,0
3307,10040,0
3308,10041,0
3309,10042,0
3310,10043,0
3311,10044,0
3312,10095,0
3313,10054,0
3314,10056,0
3315,10058,0
3316,10059,0
3317,10060,0
3318,10067,0
3319,10073,0
3320,10103,0
3321,10111,0
3322,10113,0
3323,10121,0
3324,10126,0
3325,10131,0
3326,10140,0
3327,10172,0
3328,10209,0
3329,10176,0
3330,10187,0
3331,10217,0
3332,10282,0
3333,10225,0
3334,10232,0
3335,10233,0
3336,10240,0
3337,10249,0
3338,10277,0
3339,10424,0
3340,10728,0
3341,10285,0
3342,10286,0
3343,10340,0
3344,10341,0
3345,10434,0
3346,10524,0
3347,10509,0
3348,10558,0
3349,10570,0
3350,10571,0
3351,10580,0
3352,10589,0
3353,10591,0
3354,10593,0
3355,10651,0
3356,10652,0
3357,10653,0
3358,10654,0
3359,10660,0
3360,10687,0
3361,10662,0
3362,10667,0
3363,10706,0
3364,10683,0
3365,10679,0
3366,10686,0
3367,10693,0
3368,10697,0
3369,10702,0
3370,10707,0
3371,10707,0
3372,10717,0
3373,10724,0
3374,10724,0
3375,10726,0
3376,10727,0
3377,10772,0
3378,10939,0
3379,10738,0
3380,10774,0
3381,10789,0
3382,10804,0
3383,10819,0
3384,10834,0
3385,10848,0
3386,10849,0
3387,10854,0
3388,10859,0
3389,10864,0
3390,10881,0
3391,10882,0
3392,10883,0
3393,10949,0
3394,10888,0
3395,10892,0
3396,10894,0
3397,10915,0
3398,10925,0
3399,10945,0
3400,10964,0
3401,10966,0
3402,10979,0
3403,10980,0
3404,10988,0
3405,11025,0
3406,10994,0
3407,11007,0
3408,11017,0
3409,11027,0
3410,11029,0
3411,11035,0
3412,11033,0
3413,11038,0
3414,11039,0
3415,11044,0
3416,11046,0
3417,11047,0
3418,11052,0
3419,11053,0
3420,11057,0
3421,11060,0
3422,11062,0
3423,11063,0
3424,11076,0
3425,11086,0
3426,11088,0
3427,11092,0
3428,11095,0
3429,11101,0
3430,11332,0
3431,11107,0
3432,11108,0
3433,11110,0
3434,11115,0
3435,11119,0
3436,11121,0
3437,11156,0
3438,11141,0
3439,11244,0
3440,11183,0
3441,11195,0
3442,11206,0
3443,11207,0
3444,11208,0
3445,11209,0
3446,11265,0
3447,11245,0
3448,11266,0
3449,11268,0
3450,11301,0
3451,11280,0
3452,11305,0
3453,11282,0
3454,11287,0
3455,11304,0
3456,11308,0
3457,11314,0
3458,11316,0
3459,11317,0
3460,11333,0
3461,11348,0
3462,11351,0
3463,11353,0
3464,11354,0
3465,11355,0
3466,11358,0
3467,11365,0
3468,11371,0
3469,11374,0
3470,11375,0
3471,11382,0
3472,11398,0
3473,11407,0
3474,11406,0
3475,11442,0
3476,11416,0
3477,11444,0
3478,11460,0
3479,11462,0
3480,11465,0
3481,11471,0
3482,11473,0
3483,11475,0
3484,11482,0
3485,11482,0
3486,11486,0
3487,11489,0
3488,11490,0
3489,11491,0
3490,11499,0
3491,11500,0
3492,11506,0
3493,11512,0
3494,11530,0
3495,11809,0
3496,11548,0
3497,11550,0
3498,11561,0
3499,11567,0
3500,11571,0
3501,11577,0
3502,11588,0
3503,11590,0
3504,11604,0
3505,11606,0
3506,11611,0
3507,11613,0
3508,11618,0
3509,11624,0
3510,11625,0
3511,11626,0
3512,11631,0
3513,11639,0
3514,11643,0
3515,11658,0
3516,11665,0
3517,11679,0
3518,11682,0
3519,11685,0
3520,11699,0
3521,11703,0
3522,11706,0
3523,11708,0
3524,11714,0
3525,11716,0
3526,11723,0
3527,11733,0
3528,11739,0
3529,11745,0
3530,11750,0
3531,11765,0
3532,11760,0
3533,11771,0
3534,11791,0
3535,11793,0
3536,11824,0
3537,11897,0
3538,11840,0
3539,11841,0
3540,11853,0
3541,11859,0
3542,11863,0
3543,11869,0
3544,11870,0
3545,11871,0
3546,11872,0
3547,11874,0
3548,11877,0
3549,11881,0
3550,11882,0
3551,11886,0
3552,11888,0
3553,12120,0
3554,11893,0
3555,11895,0
3556,12231,0
3557,11907,0
3558,11922,0
3559,12042,0
3560,11934,0
3561,11952,0
3562,11955,0
3563,11961,0
3564,11964,0
3565,11979,0
3566,11989,0
3567,11990,0
3568,11995,0
3569,12015,0
3570,12022,0
3571,12405,0
3572,12027,0
3573,12057,0
3574,12072,0
3575,12083,0
3576,12091,0
3577,12093,0
3578,12096,0
3579,12109,0
3580,12129,0
3581,12132,0
3582,12134,0
3583,12139,0
3584,12140,0
3585,12144,0
3586,12159,0
3587,12161,0
3588,12162,0
3589,12170,0
3590,12171,0
3591,12173,0
3592,12184,0
3593,12208,0
3594,12212,0
3595,12218,0
3596,12221,0
3597,12222,0
3598,12228,0
3599,12233,0
3600,12243,0
3601,12247,0
3602,12248,0
3603,12250,0
3604,12256,0
3605,12257,0
3606,12261,0
3607,12262,0
3608,12279,0
3609,12280,0
3610,12282,0
3611,12284,0
3612,12286,0
3613,12287,0
3614,12290,0
3615,12292,0
3616,12295,0
3617,12305,0
3618,12306,0
3619,12310,0
3620,12332,0
3621,12422,0
3622,12333,0
3623,12333,0
3624,12335,0
3625,12337,0
3626,12356,0
3627,12364,0
3628,12368,0
3629,12369,0
3630,12371,0
3631,12374,0
3632,12375,0
3633,12387,0
3634,12389,0
3635,12394,0
3636,12395,0
3637,12396,0
3638,12399,0
3639,12400,0
3640,12402,0
3641,12403,0
3642,12409,0
3643,12415,0
3644,12416,0
3645,12436,0
3646,12437,0
3647,12438,0
3648,12439,0
3649,12445,0
3650,12453,0
3651,12466,0
3652,12468,0
3653,12470,0
3654,12472,0
3655,12473,0
3656,12479,0
3657,12485,0
3658,12486,0
3659,12500,0
3660,12514,0
3661,12517,0
3662,12523,0
3663,12527,0
3664,12532,0
3665,12536,0
3666,12540,0
3667,12541,0
3668,12589,0
3669,12546,0
3670,12548,0
3671,12560,0
3672,12562,0
3673,12570,0
3674,12574,0
3675,12577,0
3676,12582,0
3677,12584,0
3678,12592,0
3679,12593,0
3680,12597,0
3681,12600,0
3682,12601,0
3683,12605,0
3684,12610,0
3685,12621,0
3686,12625,0
3687,12628,0
3688,12633,0
3689,12637,0
3690,12643,0
3691,12647,0
3692,12652,0
3693,12656,0
3694,12669,0
3695,12669,0
3696,12670,0
3697,12672,0
3698,12673,0
3699,12677,0
3700,12681,0
3701,12697,0
3702,12698,0
3703,12699,0
3704,12701,0
3705,12703,0
3706,12710,0
3707,12713,0
3708,12716,0
3709,12724,0
3710,12728,0
3711,12731,0
3712,12733,0
3713,12734,0
3714,12735,0
3715,12738,0
3716,12742,0
3717,12744,0
3718,12750,0
3719,12751,0
3720,12752,0
3721,12755,0
3722,12769,0
3723,12770,0
3724,12772,0
3725,12773,0
3726,12774,0
3727,12775,0
3728,12790,0
3729,12794,0
3730,12800,0
3731,12806,0
3732,13085,0
3733,12807,0
3734,12809,0
3735,12811,0
3736,12813,0
3737,12817,0
3738,12821,0
3739,12834,0
3740,12835,0
3741,12837,0
3742,12841,0
3743,12844,0
3744,12844,0
3745,12847,0
3746,12851,0
3747,12853,0
3748,12854,0
3749,12892,0
3750,12893,0
3751,12895,0
3752,12897,0
3753,12907,0
3754,12911,0
3755,12917,0
3756,12918,0
3757,13070,0
3758,12938,0
3759,12939,0
3760,12940,0
3761,12942,0
3762,12944,0
3763,12946,0
3764,12947,0
3765,12948,0
3766,12962,0
3767,12964,0
3768,12966,0
3769,12967,0
3770,12982,0
3771,12984,0
3772,12986,0
3773,12987,0
3774,12989,0
3775,12995,0
3776,12999,0
3777,13000,0
3778,13013,0
3779,13017,0
3780,13018,0
3781,13019,0
3782,13026,0
3783,13028,0
3784,13031,0
3785,13035,0
3786,13055,0
3787,13077,0
3788,13081,0
3789,13082,0
3790,13084,0
3791,13086,0
3792,13087,0
3793,13088,0
3794,13089,0
3795,13090,0
3796,13092,0
3797,13093,0
3798,13095,0
3799,13099,0
3800,13100,0
3801,13104,0
3802,13106,0
3803,13121,0
3804,13122,0
3805,13123,0
3806,13137,0
3807,13138,0
3808,13140,0
3809,13141,0
3810,13155,0
3811,13161,0
3812,13172,0
3813,13173,0
3814,13175,0
3815,13176,0
3816,13180,0
3817,13181,0
3818,13182,0
3819,13197,0
3820,13200,0
3821,13202,0
3822,13217,0
3823,13218,0
3824,13220,0
3825,13221,0
3826,13222,0
3827,13226,0
3828,13227,0
3829,13228,0
3830,13235,0
3831,13236,0
3832,13249,0
3833,13258,0
3834,13260,0
3835,13264,0
3836,13264,0
3837,13267,0
3838,13270,0
3839,13272,0
3840,13273,0
3841,13284,0
3842,13276,0
3843,13277,0
3844,13278,0
3845,13281,0
3846,13285,0
3847,13287,0
3848,13289,0
3849,13293,0
3850,13294,0
3851,13295,0
3852,13296,0
3853,13307,0
3854,13315,0
3855,13311,0
3856,13330,0
3857,13317,0
3858,13320,0
3859,13322,0
3860,13327,0
3861,13339,0
3862,13342,0
3863,13346,0
3864,13348,0
3865,13413,0
3866,13349,0
3867,13420,0
3868,13421,0
3869,13422,0
3870,13424,0
3871,13439,0
3872,13481,0
3873,13447,0
3874,13453,0
3875,13459,0
3876,13466,0
3877,13482,0
3878,13484,0
3879,13490,0
3880,13492,0
3881,13493,0
3882,13494,0
3883,13497,0
3884,13508,0
3885,13510,0
3886,13514,0
3887,13515,0
3888,13517,0
3889,13518,0
3890,13519,0
3891,13520,0
3892,13529,0
3893,13531,0
3894,13532,0
3895,13539,0
3896,13540,0
3897,13546,0
3898,13547,0
3899,13555,0
3900,13570,0
3901,13571,0
3902,13573,0
3903,14107,0
3904,13584,0
3905,13597,0
3906,14113,0
3907,13599,0
3908,13605,0
3909,13608,0
3910,13649,0
3911,13708,0
3912,13709,0
3913,13749,0
3914,13768,0
3915,13818,0
3916,13822,0
3917,13900,0
3918,13828,0
3919,13840,0
3920,13842,0
3921,13938,0
3922,13939,0
3923,13946,0
3924,13947,0
3925,13988,0
3926,14035,0
3927,14061,0
3928,14062,0
3929,14077,0
3930,14101,0
3931,14114,0
3932,14129,0
3933,14130,0
3934,14134,0
3935,14135,0
3936,14136,0
3937,14138,0
3938,14140,0
3939,14141,0
3940,14156,0
3941,14162,0
3942,14170,0
3943,14172,0
3944,14193,0
3945,14202,0
3946,14220,0
3947,14245,0
3948,14247,0
3949,14310,0
3950,14311,0
3951,14312,0
3952,14318,0
3953,14319,0
3954,14321,0
3955,14324,0
3956,14327,0
3957,14328,0
3958,14329,0
3959,14335,0
3960,14339,0
3961,14340,0
3962,14344,0
3963,14347,0
3964,14351,0
3965,14352,0
3966,14355,0
3967,14361,0
3968,14364,0
3969,14365,0
3970,14367,0
3971,14368,0
3972,14370,0
3973,14374,0
3974,14376,0
3975,14378,0
3976,14379,0
3977,14382,0
3978,14384,0
3979,14400,0
3980,14390,0
3981,14415,0
3982,14418,0
3983,14419,0
3984,14420,0
3985,14434,0
3986,14438,0
3987,14446,0
3988,14449,0
3989,14454,0
3990,14456,0
3991,14457,0
3992,14460,0
3993,14465,0
3994,14466,0
3995,14469,0
3996,14483,0
3997,14485,0
3998,14487,0
3999,14511,0
4000,14495,0
4001,14528,0
4002,14529,0
4003,14530,0
4004,14531,0
4005,14535,0
4006,14538,0
4007,14543,0
4008,14539,0
4009,14540,0
4010,14544,0
4011,14548,0
4012,14551,0
4013,14554,0
4014,14558,0
4015,14574,0
4016,14577,0
4017,14579,0
4018,14580,0
4019,14583,0
4020,14593,0
4021,14594,0
4022,14596,0
4023,14597,0
4024,14599,0
4025,14603,0
4026,14604,0
4027,14613,0
4028,14619,0
4029,14631,0
4030,14633,0
4031,14648,0
4032,14652,0
4033,14656,0
4034,14657,0
4035,14658,0
4036,14659,0
4037,14660,0
4038,14662,0
4039,14663,0
4040,14664,0
4041,14670,0
4042,14680,0
4043,14682,0
4044,14682,0
4045,14683,0
4046,14684,0
4047,14688,0
4048,14691,0
4049,14693,0
4050,14696,0
4051,14706,0
4052,14707,0
4053,14714,0
4054,14718,0
4055,14722,0
4056,14724,0
4057,14725,0
4058,14727,0
4059,14731,0
4060,14733,0
4061,14734,0
4062,14735,0
4063,14738,0
4064,14744,0
4065,14746,0
4066,14751,0
4067,14752,0
4068,14753,0
4069,14754,0
4070,14755,0
4071,14756,0
4072,14758,0
4073,14764,0
4074,14766,0
4075,14769,0
4076,14772,0
4077,14773,0
4078,14774,0
4079,14776,0
4080,14778,0
4081,14779,0
4082,14783,0
4083,14784,0
4084,14805,0
4085,14806,0
4086,14808,0
4087,14810,0
4088,14816,0
4089,14822,0
4090,14840,0
4091,14844,0
4092,14845,0
4093,14846,0
4094,14849,0
4095,14856,0
4096,14857,0
4097,14861,0
4098,14864,0
4099,14865,0
4100,14872,0
4101,14876,0
4102,14882,0
4103,14884,0
4104,14885,0
4105,14890,0
4106,14892,0
4107,14893,0
4108,14896,0
4109,14901,0
4110,14916,0
4111,14916,0
4112,14919,0
4113,14920,0
4114,14924,0
4115,14938,0
4116,14930,0
4117,14939,0
4118,14940,0
4119,14941,0
4120,14943,0
4121,1,0
4122,1,0
4123,1,0
4124,1,0
4125,1,0
4126,1,0
4127,1,0
4128,1,0
4129,1,0
4130,1,0
4131,3,0
4132,2,0
4133,1,0
4134,2,0
4135,3,0
4136,1,0
4137,1,0
4138,1,0
4139,2,0
4140,1,0
4141,1,0
4142,7,0
4143,6,0
4144,4,0
4145,4,0
4146,1,0
4147,2,0
4148,32,0
4149,3,0
4150,1,0
4151,1,0
4152,4,0
4153,2,0
4154,17,0
4155,2,0
4156,2,0
4157,1,0
4158,15,0
4159,15,0
4160,17,0
4161,3,0
4162,4,0
4163,3,0
4164,1,0
4165,2,0
4166,1,0
4167,1,0
4168,1,0
4169,1,0
4170,1,0
4171,2,0
4172,3,0
4173,1,0
4174,1,0
4175,2,0
4176,2,0
4177,6,0
4178,1,0
4179,1,0
4180,1,0
4181,3,0
4182,1,0
4183,2,0
4184,1,0
4185,1,0
4186,1,0
4187,1,0
4188,2,0
4189,4,0
4190,1,0
4191,3,0
4192,1,0
4193,1,0
4194,1,0
4195,3,0
4196,1,0
4197,2,0
4198,5,0
4199,1,0
4200,3,0
4201,2,0
4202,9,0
4203,2,0
4204,2,0
4205,3,0
4206,3,0
4207,15,0
4208,1,0
4209,6,0
4210,1,0
4211,6,0
4212,1,0
4213,1,0
4214,1,0
4215,9,0
4216,6,0
4217,1,0
4218,1,0
4219,23,0
4220,1,0
4221,6,0
4222,1,0
4223,1,0
4224,15,0
4225,1,0
4226,3,0
4227,1,0
4228,1,0
4229,22,0
4230,1,0
4231,21,0
4232,1,0
4233,1,0
4234,2,0
4235,2,0
4236,2,0
4237,5,0
4238,1,0
4239,1,0
4240,8,0
4241,1,0
4242,2,0
4243,1,0
4244,2,0
4245,1,0
4246,1,0
4247,2,0
4248,2,0
4249,5,0
4250,6,0
4251,1,0
4252,3,0
4253,2,0
4254,9,0
4255,8,0
4256,1,0
4257,3,0
4258,3,0
4259,1,0
4260,2,0
4261,1,0
4262,2,0
4263,13,0
4264,9,0
4265,10,0
4266,21,0
4267,7,0
4268,1,0
4269,1,0
4270,1,0
4271,1,0
4272,2,0
4273,1,0
4274,1,0
4275,3,0
4276,1,0
4277,1,0
4278,39,0
4279,5,0
4280,2,0
4281,1,0
4282,4,0
4283,1,0
4284,1,0
4285,3,0
4286,1,0
4287,12,0
4288,2,0
4289,4,0
4290,1,0
4291,1,0
4292,36,0
4293,2,0
4294,4,0
4295,1,0
4296,1,0
4297,3,0
4298,3,0
4299,1,0
4300,1,0
4301,22,0
4302,1,0
4303,6,0
4304,2,0
4305,2,0
4306,1,0
4307,1,0
4308,1,0
4309,4,0
4310,6,0
4311,1,0
4312,1,0
4313,1,0
4314,2,0
4315,1,0
4316,3,0
4317,1,0
4318,6,0
4319,38,0
4320,51,0
4321,1,0
4322,1,0
4323,2,0
4324,2,0
4325,1,0
4326,4,0
4327,3,0
4328,2,0
4329,2,0
4330,1,0
4331,1,0
4332,16,0
4333,3,0
4334,1,0
4335,1,0
4336,2,0
4337,2,0
4338,2,0
4339,3,0
4340,3,0
4341,2,0
4342,2,0
4343,1,0
4344,1,0
4345,2,0
4346,1,0
4347,2,0
4348,2,0
4349,5,0
4350,1,0
4351,4,0
4352,1,0
4353,3,0
4354,2,0
4355,2,0
4356,2,0
4357,10,0
4358,1,0
4359,1,0
4360,1,0
4361,1,0
4362,1,0
4363,1,0
4364,3,0
4365,1,0
4366,3,0
4367,3,0
4368,1,0
4369,5,0
4370,1,0
4371,4,0
4372,1,0
4373,6,0
4374,1,0
4375,1,0
4376,1,0
4377,2,0
4378,1,0
4379,3,0
4380,4,0
4381,14,0
4382,3,0
4383,1,0
4384,1,0
4385,1,0
4386,1,0
4387,2,0
4388,1,0
4389,1,0
4390,3,0
4391,1,0
4392,29,0
4393,1,0
4394,3,0
4395,4,0
4396,1,0
4397,1,0
4398,1,0
4399,1,0
4400,2,0
4401,1,0
4402,1,0
4403,1,0
4404,3,0
4405,1,0
4406,1,0
4407,1,0
4408,7,0
4409,2,0
4410,4,0
4411,1,0
4412,1,0
4413,1,0
4414,1,0
4415,4,0
4416,2,0
4417,3,0
4418,4,0
4419,1,0
4420,2,0
4421,2,0
4422,4,0
4423,3,0
4424,2,0
4425,1,0
4426,2,0
4427,1,0
4428,4,0
4429,1,0
4430,2,0
4431,2,0
4432,1,0
4433,1,0
4434,38,0
4435,1,0
4436,1,0
4437,1,0
4438,2,0
4439,1,0
4440,15,0
4441,15,0
4442,16,0
4443,3,0
4444,7,0
4445,1,0
4446,2,0
4447,4,0
4448,1,0
4449,1,0
4450,23,0
4451,28,0
4452,31,0
4453,30,0
4454,47,0
4455,6,0
4456,4,0
4457,1,0
4458,5,0
4459,1,0
4460,1,0
4461,2,0
4462,1,0
4463,43,0
4464,1,0
4465,1,0
4466,10,0
4467,1,0
4468,9,0
4469,2,0
4470,1,0
4471,4,0
4472,1,0
4473,6,0
4474,31,0
4475,4,0
4476,1,0
4477,53,0
4478,16,0
4479,3,0
4480,1,0
4481,24,0
4482,4,0
4483,1,0
4484,5,0
4485,3,0
4486,3,0
4487,2,0
4488,2,0
4489,4,0
4490,3,0
4491,5,0
4492,1,0
4493,13,0
4494,1,0
4495,4,0
4496,32,0
4497,1,0
4498,2,0
4499,4,0
4500,1,0
4501,13,0
4502,1,0
4503,1,0
4504,1,0
4505,4,0
4506,2,0
4507,1,0
4508,2,0
4509,1,0
4510,4,0
4511,1,0
4512,2,0
4513,1,0
4514,14,0
4515,1,0
4516,4,0
4517,8,0
4518,1,0
4519,7,0
4520,2,0
4521,1,0
4522,16,0
4523,1,0
4524,1,0
4525,3,0
4526,4,0
4527,1,0
4528,2,0
4529,3,0
4530,1,0
4531,5,0
4532,6,0
4533,38,0
4534,2,0
4535,3,0
4536,1,0
4537,66,0
4538,1,0
4539,1,0
4540,3,0
4541,2,0
4542,1,0
4543,4,0
4544,7,0
4545,7,0
4546,4,0
4547,1,0
4548,1,0
4549,2,0
4550,1,0
4551,20,0
4552,2,0
4553,3,0
4554,3,0
4555,3,0
4556,3,0
4557,4,0
4558,17,0
4559,2,0
4560,1,0
4561,6,0
4562,1,0
4563,1,0
4564,1,0
4565,1,0
4566,1,0
4567,1,0
4568,2,0
4569,6,0
4570,11,0
4571,6,0
4572,6,0
4573,2,0
4574,1,0
4575,6,0
4576,2,0
4577,14,0
4578,14,0
4579,1,0
4580,17,0
4581,1,0
4582,1,0
4583,1,0
4584,1,0
4585,2,0
4586,2,0
4587,1,0
4588,1,0
4589,1,0
4590,2,0
4591,2,0
4592,1,0
4593,1,0
4594,1,0
4595,2,0
4596,1,0
4597,2,0
4598,1,0
4599,5,0
4600,5,0
4601,1,0
4602,1,0
4603,2,0
4604,1,0
4605,2,0
4606,1,0
4607,1,0
4608,4,0
4609,1,0
4610,33,0
4611,29,0
4612,36,0
4613,16,0
4614,1,0
4615,2,0
4616,1,0
4617,16,0
4618,2,0
4619,1,0
4620,1,0
4621,8,0
4622,1,0
4623,1,0
4624,1,0
4625,1,0
4626,2,0
4627,11,0
4628,1,0
4629,2,0
4630,1,0
4631,14,0
4632,14,0
4633,1,0
4634,1,0
4635,2,0
4636,5,0
4637,2,0
4638,1,0
4639,12,0
4640,14,0
4641,5,0
4642,1,0
4643,2,0
4644,1,0
4645,1,0
4646,3,0
4647,1,0
4648,3,0
4649,2,0
4650,1,0
4651,1,0
4652,2,0
4653,2,0
4654,2,0
4655,2,0
4656,4,0
4657,2,0
4658,1,0
4659,1,0
4660,2,0
4661,3,0
4662,2,0
4663,2,0
4664,1,0
4665,1,0
4666,1,0
4667,2,0
4668,1,0
4669,1,0
4670,1,0
4671,1,0
4672,1,0
4673,1,0
4674,2,0
4675,1,0
4676,1,0
4677,15,0
4678,1,0
4679,1,0
4680,2,0
4681,1,0
4682,5,0
4683,1,0
4684,19,0
4685,5,0
4686,14,0
4687,17,0
4688,17,0
4689,1,0
4690,2,0
4691,6,0
4692,2,0
4693,4,0
4694,2,0
4695,3,0
4696,15,0
4697,14,0
4698,1,0
4699,2,0
4700,2,0
4701,4,0
4702,14,0
4703,3,0
4704,1,0
4705,4,0
4706,14,0
4707,1,0
4708,2,0
4709,2,0
4710,2,0
4711,2,0
4712,1,0
4713,2,0
4714,3,0
4715,1,0
4716,1,0
4717,1,0
4718,2,0
4719,1,0
4720,3,0
4721,1,0
4722,5,0
4723,1,0
4724,2,0
4725,39,0
4726,1,0
4727,2,0
4728,1,0
4729,2,0
4730,2,0
4731,2,0
4732,1,0
4733,2,0
4734,49,0
4735,1,0
4736,49,0
4737,56,0
4738,50,0
4739,1,0
4740,1,0
4741,2,0
4742,2,0
4743,2,0
4744,1,0
4745,2,0
4746,1,0
4747,76,0
4748,1,0
4749,1,0
4750,1,0
4751,2,0
4752,1,0
4753,1,0
4754,1,0
4755,3,0
4756,1,0
4757,2,0
4758,1,0
4759,1,0
4760,3,0
4761,2,0
4762,1,0
4763,12,0
4764,4,0
4765,1,0
4766,2,0
4767,3,0
4768,1,0
4769,4,0
4770,2,0
4771,2,0
4772,2,0
4773,2,0
4774,1,0
4775,1,0
4776,4,0
4777,2,0
4778,4,0
4779,1,0
4780,4,0
4781,2,0
4782,4,0
4783,2,0
4784,2,0
4785,2,0
4786,2,0
4787,3,0
4788,26,0
4789,18,0
4790,4,0
4791,2,0
4792,5,0
4793,2,0
4794,2,0
4795,2,0
4796,14,0
4797,2,0
4798,2,0
4799,2,0
4800,2,0
4801,1,0
4802,1,0
4803,1,0
4804,1,0
4805,3,0
4806,2,0
4807,3,0
4808,1,0
4809,1,0
4810,2,0
4811,2,0
4812,2,0
4813,1,0
4814,1,0
4815,2,0
4816,1,0
4817,2,0
4818,1,0
4819,2,0
4820,1,0
4821,2,0
4822,1,0
4823,2,0
4824,5,0
4825,2,0
4826,2,0
4827,12,0
4828,3,0
4829,12,0
4830,2,0
4831,2,0
4832,2,0
4833,13,0
4834,2,0
4835,1,0
4836,5,0
4837,1,0
4838,2,0
4839,3,0
4840,13,0
4841,6,0
4842,6,0
4843,1,0
4844,1,0
4845,1,0
4846,3,0
4847,1,0
4848,1,0
4849,2,0
4850,4,0
4851,2,0
4852,4,0
4853,2,0
4854,1,0
4855,4,0
4856,1,0
4857,4,0
4858,3,0
4859,1,0
4860,2,0
4861,1,0
4862,4,0
4863,3,0
4864,3,0
4865,1,0
4866,1,0
4867,6,0
4868,2,0
4869,2,0
4870,6,0
4871,2,0
4872,5,0
4873,1,0
4874,2,0
4875,4,0
4876,1,0
4877,1,0
4878,2,0
4879,48,0
4880,55,0
4881,42,0
4882,1,0
4883,42,0
4884,51,0
4885,52,0
4886,52,0
4887,47,0
4888,1,0
4889,9,0
4890,6,0
4891,10,0
4892,5,0
4893,1,0
4894,1,0
4895,1,0
4896,1,0
4897,1,0
4898,3,0
4899,3,0
4900,1,0
4901,23,0
4902,2,0
4903,1,0
4904,9,0
4905,2,0
4906,1,0
4907,5,0
4908,33,0
4909,74,0
4910,18,0
4911,37,0
4912,1,0
4913,2,0
4914,1,0
4915,4,0
4916,6,0
4917,6,0
4918,1,0
4919,10,0
4920,2,0
4921,6,0
4922,1,0
4923,5,0
4924,1,0
4925,1,0
4926,2,0
4927,1,0
4928,1,0
4929,3,0
4930,4,0
4931,2,0
4932,1,0
4933,13,0
4934,1,0
4935,1,0
4936,2,0
4937,1,0
4938,1,0
4939,2,0
4940,1,0
4941,2,0
4942,2,0
4943,1,0
4944,2,0
4945,2,0
4946,4,0
4947,3,0
4948,2,0
4949,1,0
4950,1,0
4951,1,0
4952,1,0
4953,1,0
4954,1,0
4955,1,0
4956,1,0
4957,1,0
4958,1,0
4959,1,0
4960,1,0
4961,1,0
4962,1,0
4963,5,0
4964,1,0
4965,2,0
4966,1,0
4967,1,0
4968,1,0
4969,1,0
4970,2,0
4971,2,0
4972,2,0
4973,1,0
4974,1,0
4975,1,0
4976,1,0
4977,1,0
4978,3,0
4979,5,0
4980,1,0
4981,1,0
4982,1,0
4983,1,0
4984,5,0
4985,1,0
4986,1,0
4987,1,0
4988,2,0
4989,1,0
4990,2,0
4991,1,0
4992,1,0
4993,1,0
4994,1,0
4995,1,0
4996,1,0
4997,4,0
4998,2,0
4999,2,0
5000,1,0
5001,1,0
5002,1,0
5003,3,0
5004,1,0
5005,3,0
5006,1,0
5007,1,0
5008,2,0
5009,1,0
5010,2,0
5011,1,0
5012,1,0
5013,1,0
5014,1,0
5015,2,0
5016,1,0
5017,4,0
5018,1,0
5019,1,0
5020,2,0
5021,1,0
5022,1,0
5023,1,0
5024,1,0
5025,1,0
5026,12,0
5027,16,0
5028,1,0
5029,1,0
5030,1,0
5031,1,0
5032,4,0
5033,2,0
5034,3,0
5035,1,0
5036,1,0
5037,2,0
5038,3,0
5039,3,0
5040,1,0
5041,1,0
5042,2,0
5043,1,0
5044,1,0
5045,1,0
5046,5,0
5047,1,0
5048,1,0
5049,1,0
5050,2,0
5051,1,0
5052,2,0
5053,1,0
5054,2,0
5055,1,0
5056,2,0
5057,2,0
5058,1,0
5059,1,0
5060,1,0
5061,4,0
5062,2,0
5063,1,0
5064,2,0
5065,4,0
5066,1,0
5067,11,0
5068,1,0
5069,1,0
5070,1,0
5071,1,0
5072,1,0
5073,5,0
5074,1,0
5075,2,0
5076,3,0
5077,4,0
5078,1,0
5079,1,0
5080,2,0
5081,1,0
5082,1,0
5083,2,0
5084,1,0
5085,2,0
5086,1,0
5087,2,0
5088,16,0
5089,3,0
5090,1,0
5091,1,0
5092,2,0
5093,3,0
5094,1,0
5095,2,0
5096,5,0
5097,48,0
5098,6,0
5099,1,0
5100,2,0
5101,1,0
5102,1,0
5103,12,0
5104,1,0
5105,1,0
5106,2,0
5107,1,0
5108,2,0
5109,8,0
5110,1,0
5111,8,0
5112,1,0
5113,3,0
5114,3,0
5115,1,0
5116,2,0
5117,2,0
5118,1,0
5119,1,0
5120,1,0
5121,1,0
5122,2,0
5123,2,1
5124,2,0
5125,4,0
5126,1,0
5127,1,0
5128,1,0
5129,1,0
5130,1,0
5131,3,0
5132,1,0
5133,1,0
5134,1,0
5135,1,0
5136,1,0
5137,4,0
5138,16,0
5139,1,0
5140,5,0
5141,2,0
5142,12,0
5143,1,0
5144,5,0
5145,1,0
5146,5,0
5147,1,0
5148,1,0
5149,1,0
5150,1,0
5151,1,0
5152,5,0
5153,6,0
5154,1,0
5155,2,0
5156,2,0
5157,2,0
5158,1,0
5159,1,0
5160,1,0
5161,1,0
5162,1,0
5163,1,0
5164,2,0
5165,6,0
5166,1,0
5167,1,0
5168,2,0
5169,5,0
5170,2,0
5171,4,0
5172,1,0
5173,2,0
5174,1,0
5175,4,0
5176,5,0
5177,1,0
5178,3,0
5179,1,0
5180,2,0
5181,3,0
5182,1,0
5183,2,0
5184,2,0
5185,2,0
5186,7,0
5187,1,0
5188,2,0
5189,1,0
5190,1,0
5191,1,0
5192,1,0
5193,1,0
5194,2,0
5195,1,0
5196,20,0
5197,20,0
5198,1,0
5199,1,0
5200,1,0
5201,1,0
5202,12,0
5203,2,0
5204,5,0
5205,2,0
5206,1,0
5207,1,0
5208,2,0
5209,5,0
5210,2,0
5211,1,0
5212,2,0
5213,14,0
5214,1,0
5215,1,0
5216,2,0
5217,1,0
5218,14,0
5219,1,0
5220,16,0
5221,4,0
5222,2,0
5223,1,0
5224,1,0
5225,4,0
5226,2,0
5227,1,0
5228,1,0
5229,7,0
5230,2,0
5231,1,0
5232,2,0
5233,1,0
5234,1,0
5235,2,0
5236,1,0
5237,1,0
5238,13,0
5239,2,0
5240,2,0
5241,1,0
5242,17,0
5243,1,0
5244,1,0
5245,2,0
5246,1,0
5247,22,0
5248,38,0
5249,22,0
5250,22,0
5251,22,0
5252,1,0
5253,1,0
5254,20,0
5255,23,0
5256,23,0
5257,22,0
5258,66,0
5259,55,0
5260,1,0
5261,1,0
5262,22,0
5263,1,0
5264,2,0
5265,1,0
5266,1,0
5267,3,0
5268,1,0
5269,1,0
5270,2,0
5271,1,0
5272,2,0
5273,1,0
5274,3,0
5275,22,0
5276,1,0
5277,1,0
5278,1,0
5279,1,0
5280,2,0
5281,19,0
5282,1,0
5283,64,0
5284,1,0
5285,1,0
5286,22,0
5287,29,0
5288,22,0
5289,22,0
5290,2,0
5291,1,0
5292,22,0
5293,2,0
5294,1,0
5295,2,0
5296,43,0
5297,28,0
5298,1,0
5299,2,0
5300,1,0
5301,1,0
5302,1,0
5303,1,0
5304,1,0
5305,2,0
5306,1,0
5307,1,0
5308,126,0
5309,1,0
5310,1,0
5311,4,0
5312,1,0
5313,1,0
5314,2,0
5315,16,0
5316,1,0
5317,2,0
5318,2,0
5319,4,0
5320,3,0
5321,1,0
5322,4,0
5323,2,0
5324,1,0
5325,1,0
5326,16,0
5327,1,0
5328,16,0
5329,1,0
5330,1,0
5331,16,0
5332,1,0
5333,5,0
5334,1,0
5335,1,0
5336,15,0
5337,1,0
5338,2,0
5339,5,0
5340,1,0
5341,3,0
5342,18,0
5343,3,0
5344,2,0
5345,1,0
5346,1,0
5347,1,0
5348,1,0
5349,1,0
5350,5,0
5351,3,0
5352,1,0
5353,1,0
5354,4,0
5355,2,0
5356,3,0
5357,2,0
5358,2,0
5359,2,0
5360,2,0
5361,2,0
5362,4,0
5363,2,0
5364,6,0
5365,2,0
5366,1,0
5367,1,0
5368,1,0
5369,20,0
5370,1,0
5371,1,0
5372,5,0
5373,16,0
5374,1,0
5375,2,0
5376,1,0
5377,1,0
5378,1,0
5379,20,0
5380,1,0
5381,2,0
5382,2,0
5383,1,0
5384,1,0
5385,1,0
5386,3,0
5387,1,0
5388,2,0
5389,6,0
5390,1,0
5391,20,0
5392,1,0
5393,2,0
5394,1,0
5395,2,0
5396,3,0
5397,1,0
5398,1,0
5399,8,0
5400,1,0
5401,1,0
5402,1,0
5403,1,0
5404,20,0
5405,2,0
5406,1,0
5407,1,0
5408,1,0
5409,1,0
5410,2,0
5411,1,0
5412,1,0
5413,20,0
5414,1,0
5415,38,0
5416,17,0
5417,1,0
5418,2,0
5419,2,0
5420,1,0
5421,1,0
5422,4,0
5423,1,0
5424,5,0
5425,3,0
5426,1,0
5427,19,0
5428,19,0
5429,3,0
5430,2,0
5431,1,0
5432,3,0
5433,3,0
5434,5,0
5435,2,0
5436,1,0
5437,1,0
5438,1,0
5439,2,0
5440,3,0
5441,1,0
5442,3,0
5443,1,0
5444,3,0
5445,1,0
5446,1,0
5447,1,0
5448,2,0
5449,1,0
5450,2,0
5451,1,0
5452,4,0
5453,4,0
5454,20,0
5455,1,0
5456,3,0
5457,3,0
5458,3,0
5459,1,0
5460,1,0
5461,1,0
5462,1,0
5463,4,0
5464,20,0
5465,2,0
5466,1,0
5467,1,0
5468,1,0
5469,1,0
5470,1,0
5471,1,0
5472,3,0
5473,1,0
5474,1,0
5475,2,0
5476,1,0
5477,20,0
5478,2,0
5479,1,0
5480,4,0
5481,20,0
5482,1,0
5483,2,0
5484,1,0
5485,3,0
5486,1,0
5487,2,0
5488,2,0
5489,2,0
5490,2,0
5491,4,0
5492,5,0
5493,1,0
5494,1,0
5495,1,0
5496,16,0
5497,1,0
5498,5,0
5499,4,0
5500,2,0
5501,1,0
5502,1,0
5503,1,0
5504,1,0
5505,1,0
5506,2,0
5507,2,0
5508,2,0
5509,1,0
5510,1,0
5511,3,0
5512,1,0
5513,2,0
5514,1,0
5515,3,0
5516,1,0
5517,3,0
5518,1,0
5519,2,0
5520,1,0
5521,3,0
5522,2,0
5523,1,0
5524,2,0
5525,5,0
5526,2,0
5527,1,0
5528,8,0
5529,2,0
5530,2,0
5531,2,0
5532,4,0
5533,2,0
5534,2,0
5535,3,0
5536,6,0
5537,2,0
5538,1,0
5539,1,0
5540,1,0
5541,1,0
5542,1,0
5543,1,0
5544,18,0
5545,3,0
5546,1,0
5547,2,0
5548,1,0
5549,4,0
5550,2,0
5551,1,0
5552,2,0
5553,2,0
5554,4,0
5555,5,0
5556,1,0
5557,2,0
5558,1,0
5559,4,0
5560,22,0
5561,1,0
5562,4,0
5563,5,0
5564,1,0
5565,2,0
5566,1,0
5567,32,0
5568,1,0
5569,1,0
5570,1,0
5571,1,0
5572,1,0
5573,6,0
5574,5,0
5575,4,0
5576,3,0
5577,16,0
5578,4,0
5579,1,0
5580,1,0
5581,7,0
5582,1,0
5583,1,0
5584,4,0
5585,2,0
5586,1,0
5587,2,0
5588,1,0
5589,3,0
5590,2,0
5591,1,0
5592,1,0
5593,22,0
5594,2,0
5595,2,0
5596,40,0
5597,15,0
5598,2,0
5599,2,0
5600,1,0
5601,6,0
5602,1,0
5603,4,0
5604,4,0
5605,2,0
5606,1,0
5607,1,0
5608,1,0
5609,3,0
5610,1,0
5611,4,0
5612,2,0
5613,1,0
5614,5,0
5615,1,0
5616,22,0
5617,22,0
5618,1,0
5619,1,0
5620,22,0
5621,1,0
5622,1,0
5623,1,0
5624,3,0
5625,2,0
5626,4,0
5627,2,0
5628,1,0
5629,4,0
5630,1,0
5631,2,0
5632,2,0
5633,2,0
5634,1,0
5635,1,0
5636,11,0
5637,2,0
5638,1,0
5639,22,0
5640,22,0
5641,1,0
5642,1,0
5643,4,0
5644,1,0
5645,1,0
5646,4,0
5647,2,0
5648,1,0
5649,1,0
5650,1,0
5651,1,0
5652,22,0
5653,16,0
5654,7,0
5655,4,0
5656,1,0
5657,1,0
5658,8,0
5659,1,0
5660,1,0
5661,4,0
5662,1,0
5663,1,0
5664,4,0
5665,1,0
5666,4,0
5667,1,0
5668,20,0
5669,1,0
5670,5,0
5671,5,0
5672,1,0
5673,2,0
5674,1,0
5675,1,0
5676,3,0
5677,1,0
5678,1,0
5679,1,0
5680,1,0
5681,1,0
5682,1,0
5683,1,0
5684,1,0
5685,1,0
5686,1,0
5687,2,0
5688,1,0
5689,1,0
5690,1,0
5691,1,0
5692,1,0
5693,1,0
5694,1,0
5695,1,0
5696,1,0
5697,1,0
5698,1,0
5699,1,0
5700,1,0
5701,1,0
5702,3,0
5703,22,0
5704,2,0
5705,18,0
5706,2,0
5707,1,0
5708,22,0
5709,1,0
5710,3,0
5711,2,0
5712,1,0
5713,1,0
5714,1,0
5715,1,0
5716,2,0
5717,2,0
5718,10,0
5719,7,0
5720,2,0
5721,20,0
5722,1,0
5723,1,0
5724,2,0
5725,2,0
5726,1,0
5727,2,0
5728,3,0
5729,1,0
5730,1,0
5731,1,0
5732,1,0
5733,1,0
5734,2,0
5735,1,0
5736,2,0
5737,1,0
5738,1,0
5739,5,0
5740,1,0
5741,1,0
5742,1,0
5743,1,0
5744,18,0
5745,4,0
5746,1,0
5747,1,0
5748,1,0
5749,1,0
5750,2,0
5751,1,0
5752,1,0
5753,1,0
5754,22,0
5755,1,0
5756,1,0
5757,1,0
5758,1,0
5759,22,0
5760,5,0
5761,1,0
5762,1,0
5763,1,0
5764,1,0
5765,4,0
5766,3,0
5767,1,0
5768,4,0
5769,4,0
5770,4,0
5771,16,0
5772,2,0
5773,1,0
5774,4,0
5775,1,0
5776,1,0
5777,1,0
5778,1,0
5779,3,0
5780,1,0
5781,5,0
5782,1,0
5783,4,0
5784,1,0
5785,1,0
5786,1,0
5787,2,0
5788,1,0
5789,1,0
5790,3,0
5791,1,0
5792,1,0
5793,1,0
5794,1,0
5795,1,0
5796,1,0
5797,1,0
5798,1,0
5799,9,0
5800,5,0
5801,2,0
5802,1,0
5803,1,0
5804,5,0
5805,3,0
5806,1,0
5807,2,0
5808,1,0
5809,22,0
5810,22,0
5811,1,0
5812,3,0
5813,2,0
5814,2,0
5815,22,0
5816,22,0
5817,2,0
5818,1,0
5819,1,0
5820,2,0
5821,1,0
5822,1,0
5823,1,0
5824,1,0
5825,3,0
5826,4,0
5827,3,0
5828,2,0
5829,6,0
5830,1,0
5831,22,0
5832,18,0
5833,2,0
5834,5,0
5835,1,0
5836,1,0
5837,2,0
5838,22,0
5839,1,0
5840,4,0
5841,1,0
5842,3,0
5843,3,0
5844,1,0
5845,2,0
5846,1,0
5847,1,0
5848,2,0
5849,2,0
5850,1,0
5851,1,0
5852,1,0
5853,2,0
5854,1,0
5855,1,0
5856,1,0
5857,5,0
5858,1,0
5859,1,0
5860,1,0
5861,4,0
5862,1,0
5863,4,0
5864,1,0
5865,2,0
5866,2,0
5867,2,0
5868,3,0
5869,5,0
5870,1,0
5871,1,0
5872,2,0
5873,2,0
5874,5,0
5875,1,0
5876,1,0
5877,1,0
5878,5,0
5879,1,0
5880,1,0
5881,4,0
5882,4,0
5883,1,0
5884,22,0
5885,15,0
5886,1,0
5887,1,0
5888,1,0
5889,4,0
5890,17,0
5891,2,0
5892,4,0
5893,1,0
5894,1,0
5895,3,0
5896,1,0
5897,1,0
5898,2,0
5899,1,0
5900,2,0
5901,3,0
5902,4,0
5903,2,0
5904,1,0
5905,1,0
5906,2,0
5907,3,0
5908,1,0
5909,1,0
5910,2,0
5911,1,0
5912,1,0
5913,1,0
5914,2,0
5915,2,0
5916,2,0
5917,1,0
5918,1,0
5919,1,0
5920,4,0
5921,1,0
5922,1,0
5923,2,0
5924,4,0
5925,1,0
5926,1,0
5927,1,0
5928,10,0
5929,2,0
5930,4,0
5931,1,0
5932,2,0
5933,4,0
5934,1,0
5935,1,0
5936,1,0
5937,2,0
5938,1,0
5939,1,0
5940,1,0
5941,4,0
5942,4,0
5943,3,0
5944,1,0
5945,2,0
5946,2,0
5947,1,0
5948,1,0
5949,1,0
5950,1,0
5951,1,0
5952,1,0
5953,1,0
5954,2,0
5955,1,0
5956,2,0
5957,1,0
5958,1,0
5959,2,0
5960,1,0
5961,1,0
5962,4,0
5963,1,0
5964,3,0
5965,1,0
5966,2,0
5967,1,0
5968,1,0
5969,1,0
5970,4,0
5971,7,0
5972,1,0
5973,1,0
5974,1,0
5975,1,0
5976,1,0
5977,22,0
5978,1,0
5979,1,0
5980,16,0
5981,22,0
5982,1,0
5983,6,0
5984,4,0
5985,1,0
5986,1,0
5987,1,0
5988,2,0
5989,1,0
5990,14,0
5991,2,0
5992,2,0
5993,1,0
5994,5,0
5995,1,0
5996,1,0
5997,1,0
5998,2,0
5999,1,0
6000,20,0
6001,2,0
6002,4,0
6003,1,0
6004,3,0
6005,1,0
6006,1,0
6007,1,0
6008,1,0
6009,2,0
6010,2,0
6011,4,0
6012,1,0
6013,1,0
6014,2,0
6015,1,0
6016,1,0
6017,8,0
6018,10,0
6019,5,0
6020,5,0
6021,14,0
6022,1,0
6023,1,0
6024,1,0
6025,1,0
6026,1,0
6027,1,0
6028,3,0
6029,1,0
6030,12,0
6031,4,0
6032,2,0
6033,1,0
6034,3,0
6035,4,0
6036,4,0
6037,2,0
6038,1,0
6039,1,0
6040,1,0
6041,2,0
6042,20,0
6043,1,0
6044,20,0
6045,2,0
6046,3,0
6047,5,0
6048,2,0
6049,2,0
6050,1,0
6051,1,0
6052,1,0
6053,2,0
6054,3,0
6055,1,0
6056,20,0
6057,1,0
6058,1,0
6059,1,0
6060,2,0
6061,1,0
6062,2,0
6063,1,0
6064,2,0
6065,1,0
6066,2,0
6067,3,0
6068,1,0
6069,2,0
6070,1,0
6071,2,0
6072,2,0
6073,1,1
6074,1,0
6075,1,0
6076,1,0
6077,4,0
6078,1,0
6079,1,0
6080,3,0
6081,3,0
6082,2,0
6083,9,0
6084,1,0
6085,2,0
6086,4,0
6087,1,0
6088,2,0
6089,1,0
6090,20,0
6091,1,0
6092,1,0
6093,1,0
6094,5,0
6095,2,0
6096,1,0
6097,1,0
6098,1,0
6099,1,0
6100,1,0
6101,1,0
6102,2,0
6103,2,0
6104,2,0
6105,1,0
6106,3,0
6107,3,0
6108,3,0
6109,6,0
6110,3,0
6111,1,0
6112,2,0
6113,2,0
6114,1,0
6115,1,0
6116,1,0
6117,3,0
6118,1,0
6119,1,0
6120,2,0
6121,1,0
6122,2,0
6123,2,0
6124,4,0
6125,4,0
6126,1,0
6127,1,0
6128,1,0
6129,4,0
6130,2,0
6131,1,0
6132,1,0
6133,2,0
6134,1,0
6135,4,0
6136,1,0
6137,1,0
6138,1,0
6139,1,0
6140,4,0
6141,1,0
6142,4,0
6143,20,0
6144,1,0
6145,1,0
6146,1,0
6147,1,0
6148,1,0
6149,4,0
6150,4,0
6151,4,0
6152,1,0
6153,4,0
6154,4,0
6155,4,0
6156,2,0
6157,4,0
6158,4,0
6159,5,0
6160,4,0
6161,4,0
6162,5,0
6163,2,0
6164,5,0
6165,1,0
6166,4,0
6167,1,0
6168,4,0
6169,1,0
6170,1,0
6171,2,0
6172,2,0
6173,1,0
6174,2,0
6175,3,0
6176,4,0
6177,3,0
6178,6,0
6179,31,0
6180,3,0
6181,1,0
6182,5,0
6183,4,0
6184,1,0
6185,2,0
6186,2,0
6187,4,0
6188,1,0
6189,4,0
6190,4,0
6191,4,0
6192,1,0
6193,1,0
6194,17,0
6195,2,0
6196,1,0
6197,2,0
6198,1,0
6199,25,0
6200,2,0
6201,1,0
6202,1,0
6203,1,0
6204,7,0
6205,1,0
6206,1,0
6207,1,0
6208,4,0
6209,1,0
6210,1,0
6211,1,0
6212,1,0
6213,4,0
6214,1,0
6215,1,0
6216,1,0
6217,1,0
6218,1,0
6219,1,0
6220,37,0
6221,22,0
6222,2,0
6223,3,0
6224,4,0
6225,4,0
6226,20,0
6227,1,0
6228,21,0
6229,10,0
6230,2,0
6231,1,0
6232,1,0
6233,20,0
6234,20,0
6235,1,0
6236,8,0
6237,1,0
6238,20,0
6239,20,0
6240,1,0
6241,3,0
6242,3,0
6243,1,0
6244,4,0
6245,3,0
6246,2,0
6247,1,0
6248,6,0
6249,6,0
6250,4,0
6251,6,0
6252,1,0
6253,10,0
6254,1,0
6255,1,0
6256,4,0
6257,1,0
6258,1,0
6259,1,0
6260,22,0
6261,1,0
6262,1,0
6263,22,0
6264,1,0
6265,4,0
6266,10,0
6267,5,0
6268,4,0
6269,22,0
6270,22,0
6271,1,0
6272,5,0
6273,4,0
6274,1,0
6275,1,0
6276,4,0
6277,1,0
6278,20,0
6279,1,0
6280,1,0
6281,1,0
6282,4,0
6283,5,0
6284,1,0
6285,1,0
6286,1,0
6287,1,0
6288,1,0
6289,1,0
6290,4,0
6291,4,0
6292,4,0
6293,4,0
6294,4,0
6295,1,0
6296,2,0
6297,4,0
6298,1,0
6299,1,0
6300,16,0
6301,2,0
6302,2,0
6303,1,0
6304,4,0
6305,22,0
6306,17,0
6307,1,0
6308,2,0
6309,4,0
6310,4,0
6311,4,0
6312,1,0
6313,1,0
6314,1,0
6315,2,0
6316,4,0
6317,16,0
6318,5,0
6319,2,0
6320,2,0
6321,1,0
6322,2,0
6323,3,0
6324,1,0
6325,18,0
6326,4,0
6327,1,0
6328,4,0
6329,4,0
6330,4,0
6331,1,0
6332,1,0
6333,4,0
6334,1,0
6335,1,0
6336,1,0
6337,1,0
6338,5,0
6339,2,0
6340,1,0
6341,1,0
6342,1,0
6343,1,0
6344,1,0
6345,2,0
6346,4,0
6347,2,0
6348,4,0
6349,1,0
6350,4,0
6351,4,0
6352,3,0
6353,4,0
6354,4,0
6355,1,0
6356,2,0
6357,18,0
6358,4,0
6359,2,0
6360,4,0
6361,4,0
6362,4,0
6363,4,0
6364,18,0
6365,2,0
6366,2,0
6367,2,0
6368,4,0
6369,3,0
6370,4,0
6371,1,0
6372,4,0
6373,1,0
6374,1,0
6375,1,0
6376,3,0
6377,2,0
6378,2,0
6379,1,0
6380,1,0
6381,1,0
6382,4,0
6383,4,0
6384,2,0
6385,2,0
6386,2,0
6387,1,0
6388,1,0
6389,20,0
6390,20,0
6391,1,0
6392,1,0
6393,1,0
6394,20,0
6395,1,0
6396,5,0
6397,5,0
6398,1,0
6399,6,0
6400,4,0
6401,20,0
6402,20,0
6403,5,0
6404,4,0
6405,20,0
6406,13,0
6407,25,0
6408,1,0
6409,5,0
6410,1,0
6411,2,0
6412,1,0
6413,1,0
6414,3,0
6415,1,0
6416,4,0
6417,5,0
6418,4,0
6419,20,0
6420,20,0
6421,1,0
6422,1,0
6423,1,0
6424,1,0
6425,4,0
6426,1,0
6427,4,0
6428,20,0
6429,20,0
6430,1,0
6431,9,0
6432,4,0
6433,1,0
6434,4,0
6435,5,0
6436,1,0
6437,1,0
6438,3,0
6439,1,0
6440,1,0
6441,1,0
6442,1,0
6443,20,0
6444,4,0
6445,1,0
6446,1,0
6447,1,0
6448,4,0
6449,4,0
6450,20,0
6451,20,0
6452,5,0
6453,4,0
6454,4,0
6455,22,0
6456,20,0
6457,1,0
6458,1,0
6459,12,0
6460,1,0
6461,1,0
6462,1,0
6463,1,0
6464,4,0
6465,2,0
6466,1,0
6467,2,0
6468,2,0
6469,2,0
6470,11,0
6471,27,0
6472,4,0
6473,2,0
6474,1,0
6475,2,0
6476,4,0
6477,1,0
6478,3,0
6479,1,0
6480,1,0
6481,2,0
6482,1,0
6483,4,0
6484,4,0
6485,22,0
6486,4,0
6487,4,0
6488,4,0
6489,22,0
6490,3,0
6491,2,0
6492,2,0
6493,1,0
6494,18,0
6495,32,0
6496,2,0
6497,5,0
6498,1,0
6499,3,0
6500,2,0
6501,5,0
6502,2,0
6503,1,0
6504,12,0
6505,4,0
6506,1,0
6507,1,0
6508,16,0
6509,11,0
6510,1,0
6511,4,0
6512,4,0
6513,4,0
6514,4,0
6515,4,0
6516,20,0
6517,1,0
6518,1,0
6519,1,0
6520,1,0
6521,1,0
6522,2,0
6523,4,0
6524,2,0
6525,1,0
6526,1,0
6527,1,0
6528,2,0
6529,2,0
6530,4,0
6531,1,0
6532,1,0
6533,2,0
6534,1,0
6535,4,0
6536,4,0
6537,1,0
6538,5,0
6539,1,0
6540,5,0
6541,5,0
6542,5,0
6543,1,0
6544,1,0
6545,1,0
6546,1,0
6547,1,0
6548,2,0
6549,2,0
6550,2,0
6551,1,0
6552,1,0
6553,20,0
6554,1,0
6555,1,0
6556,20,0
6557,20,0
6558,1,0
6559,2,0
6560,2,0
6561,1,0
6562,14,0
6563,2,0
6564,1,0
6565,1,0
6566,1,0
6567,1,0
6568,1,0
6569,4,0
6570,1,0
6571,4,0
6572,2,0
6573,1,0
6574,1,0
6575,2,0
6576,1,0
6577,2,0
6578,1,0
6579,2,0
6580,1,0
6581,1,0
6582,1,0
6583,1,0
6584,1,0
6585,1,0
6586,1,0
6587,1,0
6588,1,0
6589,1,0
6590,1,0
6591,22,0
6592,22,0
6593,2,0
6594,2,0
6595,2,0
6596,3,0
6597,6,0
6598,1,0
6599,1,0
6600,1,0
6601,2,0
6602,1,0
6603,1,0
6604,1,0
6605,4,0
6606,4,0
6607,22,0
6608,1,0
6609,1,0
6610,1,0
6611,2,0
6612,1,0
6613,1,0
6614,1,0
6615,1,0
6616,1,0
6617,22,0
6618,1,0
6619,1,0
6620,3,0
6621,6,0
6622,1,0
6623,22,0
6624,4,0
6625,1,0
6626,4,0
6627,4,0
6628,1,0
6629,2,0
6630,1,0
6631,1,0
6632,1,0
6633,2,0
6634,2,0
6635,2,0
6636,2,0
6637,2,0
6638,4,0
6639,4,0
6640,2,0
6641,2,0
6642,1,0
6643,1,0
6644,1,0
6645,1,0
6646,2,0
6647,1,0
6648,2,0
6649,1,0
6650,2,0
6651,4,0
6652,4,0
6653,4,0
6654,1,0
6655,1,0
6656,22,0
6657,15,0
6658,4,0
6659,2,0
6660,4,0
6661,1,0
6662,1,0
6663,1,0
6664,4,0
6665,4,0
6666,4,0
6667,16,0
6668,1,0
6669,16,0
6670,16,0
6671,4,0
6672,1,0
6673,2,0
6674,1,0
6675,1,0
6676,16,0
6677,2,0
6678,1,0
6679,1,0
6680,1,0
6681,4,0
6682,1,0
6683,2,0
6684,1,0
6685,6,0
6686,1,0
6687,5,0
6688,1,0
6689,2,0
6690,1,0
6691,1,0
6692,1,0
6693,2,0
6694,4,0
6695,1,0
6696,1,0
6697,1,0
6698,1,0
6699,1,0
6700,1,0
6701,1,0
6702,2,0
6703,2,0
6704,2,0
6705,1,0
6706,4,0
6707,2,0
6708,1,0
6709,2,0
6710,1,0
6711,20,0
6712,1,0
6713,7,0
6714,7,0
6715,1,0
6716,2,0
6717,1,0
6718,1,0
6719,1,0
6720,22,0
6721,4,0
6722,1,0
6723,1,0
6724,2,0
6725,18,0
6726,1,0
6727,1,0
6728,4,0
6729,1,0
6730,4,0
6731,1,0
6732,1,0
6733,1,0
6734,1,0
6735,4,0
6736,1,0
6737,1,0
6738,4,0
6739,2,0
6740,1,0
6741,2,0
6742,2,0
6743,1,0
6744,1,0
6745,1,0
6746,1,0
6747,4,0
6748,1,0
6749,1,0
6750,1,0
6751,1,0
6752,1,0
6753,1,0
6754,1,0
6755,1,0
6756,2,0
6757,4,0
6758,2,0
6759,1,0
6760,4,0
6761,1,0
6762,1,0
6763,1,0
6764,1,0
6765,1,0
6766,1,0
6767,1,0
6768,1,0
6769,3,0
6770,2,0
6771,1,0
6772,1,0
6773,1,0
6774,1,0
6775,1,0
6776,1,0
6777,22,0
6778,1,0
6779,6,0
6780,1,0
6781,4,0
6782,1,0
6783,4,0
6784,1,0
6785,1,0
6786,26,0
6787,15,0
6788,4,0
6789,4,0
6790,1,0
6791,1,0
6792,1,0
6793,18,0
6794,1,0
6795,1,0
6796,1,0
6797,1,0
6798,4,0
6799,4,0
6800,4,0
6801,16,0
6802,16,0
6803,16,0
6804,1,0
6805,16,0
6806,1,0
6807,1,0
6808,1,0
6809,16,0
6810,1,0
6811,1,0
6812,4,0
6813,6,0
6814,2,0
6815,1,0
6816,1,0
6817,1,0
6818,1,0
6819,1,0
6820,16,0
6821,1,0
6822,1,0
6823,16,0
6824,2,0
6825,1,0
6826,4,0
6827,1,0
6828,1,0
6829,1,0
6830,1,0
6831,1,0
6832,1,0
6833,6,0
6834,4,0
6835,18,0
6836,1,0
6837,1,0
6838,20,0
6839,22,0
6840,1,0
6841,6,0
6842,1,0
6843,1,0
6844,2,0
6845,4,0
6846,2,0
6847,1,0
6848,1,0
6849,3,0
6850,20,0
6851,20,0
6852,20,0
6853,1,0
6854,1,0
6855,4,0
6856,1,0
6857,1,0
6858,1,0
6859,1,0
6860,2,0
6861,2,0
6862,20,0
6863,20,0
6864,1,0
6865,1,0
6866,1,0
6867,1,0
6868,1,0
6869,1,0
6870,4,0
6871,18,0
6872,16,0
6873,1,0
6874,16,0
6875,22,0
6876,22,0
6877,22,0
6878,1,0
6879,1,0
6880,4,0
6881,1,0
6882,1,0
6883,1,0
6884,1,0
6885,1,0
6886,1,0
6887,1,0
6888,1,0
6889,2,0
6890,2,0
6891,2,0
6892,2,0
6893,2,0
6894,1,0
6895,2,0
6896,1,0
6897,1,0
6898,1,0
6899,2,0
6900,2,0
6901,2,0
6902,1,0
6903,1,0
6904,1,0
6905,4,0
6906,1,0
6907,22,0
6908,4,0
6909,4,0
6910,1,0
6911,1,0
6912,18,0
6913,18,0
6914,4,0
6915,2,0
6916,2,0
6917,2,0
6918,2,0
6919,18,0
6920,1,0
6921,1,0
6922,1,0
6923,1,0
6924,1,0
6925,1,0
6926,2,0
6927,1,0
6928,1,0
6929,1,0
6930,1,0
6931,1,0
6932,1,0
6933,1,0
6934,1,0
6935,1,0
6936,1,0
6937,1,0
6938,1,0
6939,1,0
6940,5,0
6941,1,0
6942,1,0
6943,2,0
6944,2,0
6945,4,0
6946,1,0
6947,1,0
6948,2,0
6949,1,0
6950,2,0
6951,2,0
6952,18,0
6953,1,0
6954,1,0
6955,1,0
6956,1,0
6957,2,0
6958,2,0
6959,2,0
6960,1,0
6961,18,0
6962,1,0
6963,3,0
6964,22,0
6965,4,0
6966,18,0
6967,1,0
6968,2,0
6969,2,0
6970,2,0
6971,2,0
6972,2,0
6973,1,0
6974,4,0
6975,18,0
6976,4,0
6977,3,0
6978,1,0
6979,2,0
6980,1,0
6981,1,0
6982,4,0
6983,1,0
6984,1,0
6985,18,0
6986,4,0
6987,2,0
6988,2,0
6989,2,0
6990,2,0
6991,1,0
6992,1,0
6993,1,0
6994,1,0
6995,1,0
6996,1,0
6997,1,0
6998,4,0
6999,4,0
7000,1,0
7001,1,0
7002,2,0
7003,11,0
7004,2,0
7005,1,0
7006,20,0
7007,2,0
7008,1,0
7009,7,0
7010,1,0
7011,1,0
7012,22,0
7013,1,0
7014,1,0
7015,14,0
7016,1,0
7017,2,0
7018,2,0
7019,2,0
7020,2,0
7021,2,0
7022,22,0
7023,2,0
7024,2,0
7025,20,0
7026,2,0
7027,1,0
7028,2,0
7029,20,0
7030,4,0
7031,1,0
7032,4,0
7033,1,0
7034,1,0
7035,1,0
7036,18,0
7037,2,0
7038,4,0
7039,1,0
7040,1,0
7041,1,0
7042,18,0
7043,1,0
7044,1,0
7045,22,0
7046,1,0
7047,1,0
7048,2,0
7049,2,0
7050,2,0
7051,2,0
7052,2,0
7053,2,0
7054,4,0
7055,2,0
7056,22,0
7057,2,0
7058,2,0
7059,2,0
7060,1,0
7061,1,0
7062,1,0
7063,2,0
7064,1,0
7065,3,0
7066,2,0
7067,2,0
7068,2,0
7069,1,0
7070,1,0
7071,1,0
7072,2,0
7073,22,0
7074,22,0
7075,1,0
7076,1,0
7077,2,0
7078,1,0
7079,20,0
7080,1,0
7081,1,0
7082,2,0
7083,4,0
7084,2,0
7085,2,0
7086,22,0
7087,2,0
7088,2,0
7089,1,0
7090,1,0
7091,22,0
7092,1,0
7093,22,0
7094,1,0
7095,22,0
7096,2,0
7097,4,0
7098,1,0
7099,1,0
7100,22,0
7101,1,0
7102,1,0
7103,20,0
7104,1,0
7105,1,0
7106,2,0
7107,2,0
7108,1,0
7109,1,0
7110,4,0
7111,22,0
7112,4,0
7113,4,0
7114,1,0
7115,1,0
7116,1,0
7117,1,0
7118,22,0
7119,22,0
7120,1,0
7121,2,0
7122,4,0
7123,20,0
7124,4,0
7125,1,0
7126,1,0
7127,1,0
7128,4,0
7129,1,0
7130,4,0
7131,1,0
7132,22,0
7133,4,0
7134,4,0
7135,2,0
7136,2,0
7137,4,0
7138,1,0
7139,1,0
7140,32,0
7141,1,0
7142,1,0
7143,1,0
7144,1,0
7145,1,0
7146,4,0
7147,1,0
7148,9,0
7149,1,0
7150,22,0
7151,1,0
7152,4,0
7153,1,0
7154,1,0
7155,1,0
7156,1,0
7157,2,0
7158,2,0
7159,11,0
7160,20,0
7161,22,0
7162,4,0
7163,1,0
7164,1,0
7165,20,0
7166,22,0
7167,1,0
7168,2,0
7169,2,0
7170,1,0
7171,1,0
7172,1,0
7173,1,0
7174,1,0
7175,1,0
7176,4,0
7177,1,0
7178,1,0
7179,5,0
7180,4,0
7181,2,0
7182,2,0
7183,1,0
7184,30,0
7185,1,0
7186,4,0
7187,3,0
7188,1,0
7189,1,0
7190,1,0
7191,1,0
7192,2,0
7193,1,0
7194,1,0
7195,1,0
7196,1,0
7197,1,0
7198,1,0
7199,4,0
7200,3,0
7201,4,0
7202,22,0
7203,1,0
7204,1,0
7205,6,0
7206,1,0
7207,2,0
7208,7,0
7209,4,0
7210,1,0
7211,4,0
7212,4,0
7213,1,0
7214,1,0
7215,22,0
7216,2,0
7217,22,0
7218,1,0
7219,22,0
7220,2,0
7221,1,0
7222,2,0
7223,3,0
7224,1,0
7225,4,0
7226,1,0
7227,4,0
7228,22,0
7229,2,0
7230,1,1
7231,1,0
7232,1,0
7233,4,0
7234,1,0
7235,3,0
7236,1,0
7237,3,0
7238,4,0
7239,4,0
7240,1,0
7241,8,0
7242,1,0
7243,1,0
7244,4,0
7245,1,0
7246,1,0
7247,6,0
7248,2,0
7249,1,0
7250,1,0
7251,20,0
7252,4,0
7253,20,0
7254,20,0
7255,4,0
7256,2,0
7257,4,0
7258,4,0
7259,4,0
7260,4,0
7261,2,0
7262,1,0
7263,1,0
7264,18,0
7265,1,0
7266,2,0
7267,1,0
7268,1,0
7269,5,0
7270,2,0
7271,1,0
7272,4,0
7273,1,0
7274,4,0
7275,4,0
7276,20,0
7277,20,0
7278,7,0
7279,4,0
7280,1,0
7281,4,0
7282,4,0
7283,4,0
7284,1,0
7285,1,0
7286,22,0
7287,22,0
7288,4,0
7289,1,0
7290,2,0
7291,4,0
7292,2,0
7293,1,0
7294,20,0
7295,6,0
7296,4,0
7297,4,0
7298,1,0
7299,1,0
7300,1,0
7301,1,0
7302,1,0
7303,4,0
7304,4,0
7305,1,0
7306,1,0
7307,1,0
7308,1,0
7309,2,0
7310,1,0
7311,2,0
7312,1,0
7313,1,0
7314,8,0
7315,1,0
7316,1,0
7317,1,0
7318,2,0
7319,1,0
7320,1,0
7321,2,0
7322,4,0
7323,1,0
7324,1,0
7325,1,0
7326,4,0
7327,2,0
7328,1,0
7329,4,0
7330,1,0
7331,4,0
7332,2,0
7333,1,0
7334,4,0
7335,2,0
7336,2,0
7337,5,0
7338,1,0
7339,1,0
7340,1,0
7341,1,0
7342,1,0
7343,1,0
7344,2,0
7345,1,0
7346,1,0
7347,18,0
7348,4,0
7349,1,0
7350,1,0
7351,2,0
7352,4,0
7353,1,0
7354,1,0
7355,1,1
7356,1,0
7357,1,0
7358,2,0
7359,1,0
7360,1,0
7361,1,0
7362,1,0
7363,1,0
7364,1,0
7365,4,0
7366,1,0
7367,1,0
7368,1,0
7369,2,0
7370,1,0
7371,1,0
7372,1,0
7373,1,0
7374,1,0
7375,30,0
7376,1,0
7377,1,0
7378,1,0
7379,28,0
7380,1,0
7381,4,0
7382,3,0
7383,1,0
7384,4,0
7385,2,0
7386,1,0
7387,1,0
7388,1,0
7389,6,0
7390,9,0
7391,33,0
7392,31,0
7393,13,0
7394,29,0
7395,1,0
7396,2,0
7397,1,0
7398,4,0
7399,4,0
7400,2,0
7401,6,0
7402,3,0
7403,5,0
7404,16,0
7405,1,0
7406,16,0
7407,4,0
7408,1,0
7409,5,0
7410,4,0
7411,1,0
7412,4,0
7413,1,0
7414,5,0
7415,4,0
7416,1,0
7417,1,0
7418,4,0
7419,1,0
7420,1,0
7421,4,0
7422,1,0
7423,4,0
7424,1,0
7425,3,0
7426,1,0
7427,1,0
7428,1,0
7429,1,0
7430,1,0
7431,14,0
7432,4,0
7433,4,0
7434,4,0
7435,4,0
7436,4,0
7437,4,0
7438,14,0
7439,1,0
7440,4,0
7441,1,0
7442,2,0
7443,4,0
7444,4,0
7445,4,0
7446,4,0
7447,4,0
7448,4,0
7449,4,0
7450,4,0
7451,4,0
7452,1,0
7453,4,0
7454,4,0
7455,4,0
7456,4,0
7457,4,0
7458,1,0
7459,1,0
7460,1,0
7461,5,0
7462,4,0
7463,4,1
7464,4,0
7465,4,0
7466,1,0
7467,4,0
7468,2,0
7469,2,0
7470,1,0
7471,4,0
7472,2,0
7473,1,0
7474,1,0
7475,3,0
7476,4,0
7477,14,0
7478,2,0
7479,4,0
7480,4,0
7481,14,0
7482,4,0
7483,14,0
7484,4,0
7485,1,0
7486,1,0
7487,1,0
7488,14,0
7489,4,0
7490,1,0
7491,4,0
7492,1,0
7493,4,0
7494,4,0
7495,1,0
7496,1,0
7497,1,0
7498,1,0
7499,4,0
7500,1,0
7501,4,0
7502,6,0
7503,2,0
7504,4,1
7505,4,0
7506,1,0
7507,1,0
7508,1,0
7509,4,0
7510,7,0
7511,1,0
7512,7,0
7513,1,0
7514,1,0
7515,1,0
7516,4,0
7517,2,0
7518,1,0
7519,1,0
7520,1,0
7521,4,0
7522,1,0
7523,3,0
7524,4,0
7525,1,0
7526,1,0
7527,6,0
7528,1,0
7529,3,0
7530,36,0
7531,35,0
7532,1,0
7533,1,0
7534,4,0
7535,1,0
7536,1,0
7537,1,0
7538,1,0
7539,4,0
7540,4,0
7541,4,0
7542,4,0
7543,4,0
7544,1,0
7545,2,0
7546,1,0
7547,1,0
7548,5,0
7549,4,0
7550,3,0
7551,4,0
7552,4,0
7553,1,0
7554,1,0
7555,1,0
7556,4,0
7557,1,0
7558,4,0
7559,2,0
7560,1,0
7561,4,0
7562,4,0
7563,4,0
7564,1,0
7565,1,0
7566,1,0
7567,4,0
7568,3,0
7569,3,0
7570,1,0
7571,1,0
7572,1,0
7573,1,0
7574,4,0
7575,1,0
7576,2,0
7577,2,0
7578,1,0
7579,5,0
7580,6,0
7581,2,0
7582,4,0
7583,1,0
7584,2,0
7585,2,0
7586,2,0
7587,1,0
7591,2,0
7592,2,0
7593,4,0
7594,1,0
7595,1,0
7596,4,0
7597,4,0
7598,4,0
7599,1,0
7600,1,0
7601,3,0
7602,1,0
7603,4,0
7604,1,0
7605,2,0
7606,7,0
7607,3,0
7608,4,0
7609,1,0
7610,1,0
7611,1,0
7612,1,0
7613,1,0
7614,4,0
7615,1,0
7616,1,0
7617,1,0
7618,4,0
7619,4,0
7620,1,0
7621,1,0
7622,1,0
7623,4,0
7624,2,0
7625,1,0
7626,1,0
7627,7,0
7628,4,0
7629,1,0
7630,5,0
7631,1,0
7632,4,0
7633,5,0
7634,2,0
7635,2,0
7636,2,0
7637,2,0
7638,2,0
7639,1,0
7640,2,0
7641,1,0
7642,1,0
7643,28,0
7644,40,0
7645,1,0
7646,6,0
7647,1,0
7648,1,0
7649,4,0
7650,1,0
7651,4,0
7652,4,0
7653,4,0
7654,4,0
7655,9,0
7656,1,0
7657,1,0
7658,6,0
7659,4,0
7660,3,0
7661,1,0
7662,4,0
7663,1,0
7664,1,0
7665,1,0
7666,3,0
7667,4,0
7668,4,0
7669,2,0
7670,2,0
7671,2,0
7672,4,0
7673,1,0
7674,10,0
7675,1,0
7676,4,0
7677,5,0
7678,4,0
7679,1,0
7680,1,0
7681,4,0
7682,1,0
7683,5,0
7684,1,0
7685,4,0
7686,1,0
7687,4,0
7688,3,0
7689,1,0
7690,4,0
7691,1,0
7692,4,0
7693,7,0
7694,1,0
7695,1,0
7696,1,0
7697,2,0
7698,1,0
7699,1,0
7700,1,0
7701,1,0
7702,1,0
7703,2,0
7704,3,0
7705,1,0
7706,4,0
7707,1,0
7708,4,0
7709,1,0
7710,1,0
7711,1,0
7712,4,0
7713,1,0
7714,1,0
7715,4,0
7716,4,0
7717,1,0
7718,2,0
7719,1,0
7720,4,0
7721,1,0
7722,1,0
7723,4,0
7724,4,0
7725,2,0
7726,4,0
7727,1,0
7728,1,0
7729,1,0
7730,3,0
7731,1,0
7732,3,0
7733,4,0
7734,2,0
7735,2,0
7736,3,0
7737,4,0
7738,4,0
7739,4,0
7740,4,0
7741,4,0
7742,4,0
7743,4,0
7744,4,0
7745,1,0
7746,1,0
7747,1,0
7748,4,0
7749,5,0
7750,1,0
7751,1,0
7752,1,0
7753,2,0
7754,4,0
7755,4,0
7756,1,0
7757,2,0
7758,1,0
7759,3,0
7760,3,0
7761,2,0
7762,3,0
7763,1,0
7764,1,0
7765,2,0
7766,1,0
7767,1,0
7768,2,0
7769,1,0
7770,2,0
7771,2,0
7772,1,0
7773,2,0
7774,6,0
7775,4,0
7776,2,0
7777,1,0
7778,4,0
7779,7,0
7780,3,0
7781,8,0
7782,10,0
7783,3,0
7784,11,0
7785,11,0
7786,9,0
7787,7,0
7788,10,0
7789,8,0
7790,1,0
7791,1,0
7792,4,0
7793,11,0
7794,1,0
7795,1,0
7796,8,0
7797,5,0
7798,10,0
